priority_rank,la_name,region,intervention_status,need_type,facility_type,lead_time,typical_places,gap_pp,gap_abs_children,dist_nearest_maintained_km,demand_growth_to_2030,pct_placements_independent,indep_cost_2030_m,risk_score
1,Hampshire,South East,Safety Valve,SEMH,Resourced provision unit / SEN unit,1–2 years,10–25,20.3,3602,13.2,2.05,20.6,157.6,0.98
2,Essex,East of England,Safety Valve,ASD,Resourced provision unit / SEN unit,1–2 years,10–25,19.4,2766,17.3,2.05,9.0,46.2,0.77
3,Norfolk,East of England,Safety Valve,SEMH,Resourced provision unit / SEN unit,1–2 years,10–25,21.9,2663,11.8,2.05,27.8,138.1,0.98
4,Norfolk,East of England,Safety Valve,ASD,Resourced provision unit / SEN unit,1–2 years,10–25,19.9,2422,14.2,2.05,27.8,138.1,0.98
5,Cornwall,South West,Delivering Better Value,ASD,New maintained special school,4–6 years,80–150,28.7,1420,58.7,2.05,34.0,44.5,0.12
6,Norfolk,East of England,Safety Valve,MLD,New maintained special school,4–6 years,80–150,12.1,1470,47.7,2.05,27.8,138.1,0.98
7,Lancashire,North West,Delivering Better Value,ASD,Resourced provision unit / SEN unit,1–2 years,10–25,28.6,3517,5.2,2.04,13.4,59.3,0.59
8,Suffolk,East of England,Safety Valve,ASD,New maintained special school,4–6 years,80–150,22.1,1952,35.4,1.75,19.4,63.6,0.3
9,Essex,East of England,Safety Valve,SEMH,New maintained special school,4–6 years,80–150,13.6,1938,25.6,2.05,9.0,46.2,0.77
10,Hertfordshire,East of England,Safety Valve,MLD,Resourced provision unit / SEN unit,1–2 years,10–25,18.8,2429,19.2,1.61,7.4,38.8,0.72
11,Worcestershire,West Midlands,Safety Valve,SEMH,New maintained special school,4–6 years,80–150,22.9,1596,24.2,2.05,17.2,63.1,0.36
12,Cornwall,South West,Delivering Better Value,SEMH,New maintained special school,4–6 years,80–150,21.7,1074,54.5,2.05,34.0,44.5,0.12
13,Bradford,Yorkshire and The Humber,Delivering Better Value,SEMH,New maintained special school,4–6 years,80–150,23.3,1746,18.9,2.05,10.1,29.1,0.66
14,Buckinghamshire,South East,No intervention,ASD,New maintained special school,4–6 years,80–150,31.9,2302,22.4,1.39,8.8,26.2,0.14
15,Surrey,South East,Safety Valve,SEMH,Resourced provision unit / SEN unit,1–2 years,10–25,13.4,2156,13.4,1.5,25.7,194.3,0.91
16,Kent,South East,Safety Valve,ASD,Resourced provision unit / SEN unit,1–2 years,10–25,16.3,3355,11.5,1.08,19.1,246.5,0.99
17,Wiltshire,South West,Safety Valve,SEMH,New maintained special school,4–6 years,80–150,23.3,1487,17.5,2.05,20.5,48.8,0.66
18,Worcestershire,West Midlands,Safety Valve,ASD,New maintained special school,4–6 years,80–150,19.5,1359,22.5,2.05,17.2,63.1,0.36
19,Nottinghamshire,East Midlands,Delivering Better Value,ASD,Resourced provision unit / SEN unit,1–2 years,10–25,32.5,1761,10.5,2.05,15.8,45.2,0.47
20,West Sussex,South East,Safety Valve,SEMH,New maintained special school,4–6 years,80–150,16.5,1538,16.8,1.88,18.6,84.8,0.79
21,Gloucestershire,South West,Safety Valve,ASD,New maintained special school,4–6 years,80–150,18.4,1180,35.3,2.05,12.8,30.4,0.35
22,Kent,South East,Safety Valve,SEMH,New maintained special school,4–6 years,80–150,12.8,2647,16.6,1.08,19.1,246.5,0.99
23,Lincolnshire,East Midlands,Delivering Better Value,ASD,New maintained special school,4–6 years,80–150,28.9,2431,26.3,1.08,6.5,21.8,0.22
24,Worcestershire,West Midlands,Safety Valve,MLD,New maintained special school,4–6 years,80–150,16.4,1143,27.2,2.05,17.2,63.1,0.36
25,Derbyshire,East Midlands,Safety Valve,SEMH,New maintained special school,4–6 years,80–150,16.3,1243,18.4,2.05,18.7,51.8,0.58
26,Shropshire,West Midlands,Safety Valve,SEMH,New maintained special school,4–6 years,80–150,30.2,911,43.4,2.05,22.6,23.8,0.15
27,Leicester,East Midlands,Delivering Better Value,ASD,New maintained special school,4–6 years,80–150,27.7,1124,27.6,2.05,11.0,21.2,0.63
28,Suffolk,East of England,Safety Valve,SEMH,New maintained special school,4–6 years,80–150,15.6,1377,18.5,1.75,19.4,63.6,0.3
29,Central Bedfordshire,East of England,No intervention,ASD,Resourced provision unit / SEN unit,1–2 years,10–25,31.1,1255,15.7,2.05,5.3,8.1,0.64
30,West Sussex,South East,Safety Valve,MLD,New maintained special school,4–6 years,80–150,11.2,1042,24.7,1.88,18.6,84.8,0.79
31,Birmingham,West Midlands,No intervention,ASD,Resourced provision unit / SEN unit,1–2 years,10–25,21.0,2543,4.0,1.71,4.4,20.3,0.82
32,Cambridgeshire,East of England,Safety Valve,ASD,Resourced provision unit / SEN unit,1–2 years,10–25,22.1,1770,15.5,1.29,12.6,31.8,0.39
33,Gloucestershire,South West,Safety Valve,SEMH,New maintained special school,4–6 years,80–150,16.3,1044,18.4,2.05,12.8,30.4,0.35
34,Warwickshire,West Midlands,Safety Valve,ASD,Resourced provision unit / SEN unit,1–2 years,10–25,29.4,2021,4.2,1.83,15.5,31.7,0.15
35,North Somerset,South West,Delivering Better Value,SEMH,New maintained special school,4–6 years,80–150,36.6,968,17.3,2.05,20.5,19.9,0.11
36,Rotherham,Yorkshire and The Humber,Delivering Better Value,ASD,Resourced provision unit / SEN unit,1–2 years,10–25,35.4,1283,11.5,1.93,8.8,15.7,0.38
37,Buckinghamshire,South East,No intervention,SEMH,New maintained special school,4–6 years,80–150,19.1,1378,24.7,1.39,8.8,26.2,0.14
38,Sheffield,Yorkshire and The Humber,Delivering Better Value,SEMH,Resourced provision unit / SEN unit,1–2 years,10–25,21.0,1250,11.3,2.05,5.5,15.6,0.34
39,"Bournemouth, Christchurch and Poole",South West,No intervention,SEMH,Resourced provision unit / SEN unit,1–2 years,10–25,24.7,1095,12.9,2.0,16.0,34.8,
40,Cornwall,South West,Delivering Better Value,MLD,New maintained special school,4–6 years,80–150,10.6,525,100.0,2.05,34.0,44.5,0.12
41,Barnsley,Yorkshire and The Humber,Delivering Better Value,ASD,Resourced provision unit / SEN unit,1–2 years,10–25,41.4,1260,12.9,1.56,27.6,32.7,0.13
42,Somerset,South West,Safety Valve,SEMH,New maintained special school,4–6 years,80–150,30.6,1752,47.5,0.76,27.7,65.9,0.8
43,Leicestershire,East Midlands,No intervention,ASD,New maintained special school,4–6 years,80–150,27.7,1993,24.7,0.84,16.9,31.0,0.18
44,Luton,East of England,Delivering Better Value,ASD,Resourced provision unit / SEN unit,1–2 years,10–25,41.0,1116,17.6,1.88,3.4,3.7,0.41
45,Devon,South West,Safety Valve,ASD,New maintained special school,4–6 years,80–150,20.6,2032,20.8,0.78,28.8,123.9,0.97
46,North Yorkshire,Yorkshire and The Humber,Safety Valve,MLD,New maintained special school,4–6 years,80–150,12.7,697,53.1,2.05,9.3,20.7,0.5
47,Nottinghamshire,East Midlands,Delivering Better Value,SEMH,New maintained special school,4–6 years,80–150,17.2,933,15.1,2.05,15.8,45.2,0.47
48,Derbyshire,East Midlands,Safety Valve,ASD,Resourced provision unit / SEN unit,1–2 years,10–25,12.0,914,13.8,2.05,18.7,51.8,0.58
49,East Sussex,South East,Safety Valve,ASD,Resourced provision unit / SEN unit,1–2 years,10–25,18.3,904,17.8,1.99,13.4,41.4,0.19
50,Dorset,South West,Safety Valve,SEMH,New maintained special school,4–6 years,80–150,25.4,1101,38.9,1.22,18.7,37.0,
51,County Durham,North East,No intervention,MLD,New maintained special school,4–6 years,80–150,13.6,733,36.2,2.05,4.3,6.9,0.45
52,East Sussex,South East,Safety Valve,SEMH,New maintained special school,4–6 years,80–150,16.9,835,19.3,1.99,13.4,41.4,0.19
53,Derbyshire,East Midlands,Safety Valve,MLD,New maintained special school,4–6 years,80–150,8.6,656,33.1,2.05,18.7,51.8,0.58
54,Telford and Wrekin,West Midlands,No intervention,SEMH,New maintained special school,4–6 years,80–150,30.3,739,30.2,2.05,6.9,4.1,0.03
55,Shropshire,West Midlands,Safety Valve,ASD,New maintained special school,4–6 years,80–150,20.6,621,32.4,2.05,22.6,23.8,0.15
56,Lancashire,North West,Delivering Better Value,SEMH,Resourced provision unit / SEN unit,1–2 years,10–25,9.1,1125,7.2,2.04,13.4,59.3,0.59
57,Calderdale,Yorkshire and The Humber,Delivering Better Value,ASD,Resourced provision unit / SEN unit,1–2 years,10–25,36.1,923,10.0,2.05,16.8,17.9,0.03
58,North Northamptonshire,East Midlands,No intervention,MLD,New maintained special school,4–6 years,80–150,13.6,619,38.6,2.05,12.8,32.4,
59,"Herefordshire, County of",West Midlands,No intervention,SEMH,New maintained special school,4–6 years,80–150,34.2,587,50.0,2.05,10.7,7.7,0.06
60,Brighton and Hove,South East,No intervention,ASD,Resourced provision unit / SEN unit,1–2 years,10–25,39.8,1114,19.1,1.37,14.3,14.0,0.13
61,Bradford,Yorkshire and The Humber,Delivering Better Value,SLD,New maintained special school,4–6 years,80–150,7.9,592,42.5,2.05,10.1,29.1,0.66
62,Waltham Forest,London,No intervention,ASD,Resourced provision unit / SEN unit,1–2 years,10–25,32.6,1194,6.2,2.05,4.4,4.6,0.31
63,Sandwell,West Midlands,Delivering Better Value,ASD,Resourced provision unit / SEN unit,1–2 years,10–25,25.5,1036,6.9,2.05,14.3,24.0,0.21
64,Barnet,London,No intervention,ASD,Resourced provision unit / SEN unit,1–2 years,10–25,30.7,1325,4.1,2.05,13.2,15.7,0.09
65,Hertfordshire,East of England,Safety Valve,SLD,New maintained special school,4–6 years,80–150,6.8,879,25.2,1.61,7.4,38.8,0.72
66,North East Lincolnshire,Yorkshire and The Humber,Delivering Better Value,SEMH,New maintained special school,4–6 years,80–150,28.8,571,25.6,2.05,28.0,22.5,0.59
67,Manchester,North West,Delivering Better Value,ASD,Resourced provision unit / SEN unit,1–2 years,10–25,11.1,987,8.7,2.05,5.7,21.5,0.38
68,Staffordshire,West Midlands,No intervention,SEMH,Resourced provision unit / SEN unit,1–2 years,10–25,15.2,1283,8.8,1.4,18.0,99.4,0.69
69,West Northamptonshire,East Midlands,No intervention,MLD,New maintained special school,4–6 years,80–150,14.4,598,28.8,2.05,15.6,36.3,
70,Lancashire,North West,Delivering Better Value,MLD,Resourced provision unit / SEN unit,1–2 years,10–25,6.5,798,12.1,2.04,13.4,59.3,0.59
71,Kent,South East,Safety Valve,MLD,New maintained special school,4–6 years,80–150,5.0,1032,34.7,1.08,19.1,246.5,0.99
72,Oxfordshire,South East,Safety Valve,SEMH,Resourced provision unit / SEN unit,1–2 years,10–25,15.4,1125,8.3,1.59,17.0,37.2,0.76
73,Stockton-on-Tees,North East,Delivering Better Value,MLD,New maintained special school,4–6 years,80–150,20.8,508,64.1,1.88,17.6,23.7,0.16
74,Wiltshire,South West,Safety Valve,MLD,Resourced provision unit / SEN unit,1–2 years,10–25,10.2,651,17.2,2.05,20.5,48.8,0.66
75,Wokingham,South East,No intervention,ASD,Resourced provision unit / SEN unit,1–2 years,10–25,41.0,904,8.4,1.9,21.2,20.7,0.52
76,East Sussex,South East,Safety Valve,MLD,New maintained special school,4–6 years,80–150,12.1,598,30.7,1.99,13.4,41.4,0.19
77,Croydon,London,Delivering Better Value,SEMH,Resourced provision unit / SEN unit,1–2 years,10–25,25.3,1324,3.2,2.05,14.8,38.3,0.57
78,Manchester,North West,Delivering Better Value,MLD,Resourced provision unit / SEN unit,1–2 years,10–25,9.8,870,9.7,2.05,5.7,21.5,0.38
79,Staffordshire,West Midlands,No intervention,ASD,Resourced provision unit / SEN unit,1–2 years,10–25,10.8,914,17.6,1.4,18.0,99.4,0.69
80,"Kingston upon Hull, City of",Yorkshire and The Humber,No intervention,ASD,New maintained special school,4–6 years,80–150,20.1,652,27.5,1.93,3.3,2.4,0.31
81,Medway,South East,Safety Valve,ASD,Resourced provision unit / SEN unit,1–2 years,10–25,35.1,1067,10.9,1.36,20.6,50.1,0.73
82,Liverpool,North West,Delivering Better Value,MLD,New maintained special school,4–6 years,80–150,8.0,545,34.7,2.05,6.8,23.5,0.78
83,Hampshire,South East,Safety Valve,ASD,Resourced provision unit / SEN unit,1–2 years,10–25,3.2,570,19.1,2.05,20.6,157.6,0.98
84,Tameside,North West,Delivering Better Value,SEMH,Resourced provision unit / SEN unit,1–2 years,10–25,26.1,906,6.9,2.05,9.6,16.9,0.54
85,Reading,South East,Delivering Better Value,ASD,Resourced provision unit / SEN unit,1–2 years,10–25,33.1,651,15.8,2.05,11.7,10.7,0.15
86,East Riding of Yorkshire,Yorkshire and The Humber,Delivering Better Value,SEMH,Resourced provision unit / SEN unit,1–2 years,10–25,31.4,1160,13.2,1.21,11.3,7.4,0.1
87,"Bournemouth, Christchurch and Poole",South West,No intervention,MLD,New maintained special school,4–6 years,80–150,10.2,452,49.1,2.0,16.0,34.8,
88,Gloucestershire,South West,Safety Valve,MLD,Resourced provision unit / SEN unit,1–2 years,10–25,11.4,734,9.8,2.05,12.8,30.4,0.35
89,Doncaster,Yorkshire and The Humber,Delivering Better Value,SEMH,New maintained special school,4–6 years,80–150,18.3,575,18.4,2.05,14.5,21.9,0.14
90,Kirklees,Yorkshire and The Humber,Delivering Better Value,SEMH,Resourced provision unit / SEN unit,1–2 years,10–25,16.3,727,10.0,2.05,10.7,17.6,0.41
91,Leeds,Yorkshire and The Humber,Delivering Better Value,ASD,Resourced provision unit / SEN unit,1–2 years,10–25,23.2,1415,5.6,1.41,5.4,19.0,0.04
92,North Somerset,South West,Delivering Better Value,ASD,Resourced provision unit / SEN unit,1–2 years,10–25,19.8,524,19.6,2.05,20.5,19.9,0.11
93,Barnet,London,No intervention,SEMH,Resourced provision unit / SEN unit,1–2 years,10–25,17.4,752,8.3,2.05,13.2,15.7,0.09
94,Bath and North East Somerset,South West,No intervention,SEMH,Resourced provision unit / SEN unit,1–2 years,10–25,27.3,674,12.8,1.93,13.4,10.6,0.19
95,Plymouth,South West,Delivering Better Value,ASD,Resourced provision unit / SEN unit,1–2 years,10–25,19.0,585,17.3,2.05,10.9,13.5,0.65
96,Birmingham,West Midlands,No intervention,MLD,Resourced provision unit / SEN unit,1–2 years,10–25,7.8,947,8.6,1.71,4.4,20.3,0.82
97,Lancashire,North West,Delivering Better Value,SLD,New maintained special school,4–6 years,80–150,4.1,505,25.7,2.04,13.4,59.3,0.59
98,Shropshire,West Midlands,Safety Valve,MLD,New maintained special school,4–6 years,80–150,12.9,389,46.6,2.05,22.6,23.8,0.15
99,Tower Hamlets,London,Delivering Better Value,ASD,Resourced provision unit / SEN unit,1–2 years,10–25,26.7,1216,2.8,2.05,10.1,5.6,0.75
100,Cheshire East,North West,Safety Valve,ASD,New maintained special school,4–6 years,80–150,21.7,1057,20.5,0.85,31.6,63.6,0.29
101,Wirral,North West,Delivering Better Value,SLD,New maintained special school,4–6 years,80–150,10.9,530,23.8,2.05,4.1,6.2,0.95
102,Warwickshire,West Midlands,Safety Valve,MLD,New maintained special school,4–6 years,80–150,7.9,543,21.5,1.83,15.5,31.7,0.15
103,Leicester,East Midlands,Delivering Better Value,MLD,New maintained special school,4–6 years,80–150,11.2,454,30.1,2.05,11.0,21.2,0.63
104,Coventry,West Midlands,Delivering Better Value,MLD,Resourced provision unit / SEN unit,1–2 years,10–25,15.6,542,18.8,2.05,7.0,16.1,0.33
105,Birmingham,West Midlands,No intervention,SEMH,Resourced provision unit / SEN unit,1–2 years,10–25,7.7,925,7.5,1.71,4.4,20.3,0.82
106,Calderdale,Yorkshire and The Humber,Delivering Better Value,SEMH,New maintained special school,4–6 years,80–150,18.2,465,22.7,2.05,16.8,17.9,0.03
107,Manchester,North West,Delivering Better Value,SEMH,Resourced provision unit / SEN unit,1–2 years,10–25,9.1,807,6.4,2.05,5.7,21.5,0.38
108,North Somerset,South West,Delivering Better Value,MLD,New maintained special school,4–6 years,80–150,13.7,362,46.6,2.05,20.5,19.9,0.11
109,York,Yorkshire and The Humber,No intervention,ASD,New maintained special school,4–6 years,80–150,41.1,640,36.4,1.46,2.1,0.4,0.11
110,Greenwich,London,Delivering Better Value,ASD,Resourced provision unit / SEN unit,1–2 years,10–25,38.2,1239,2.3,2.05,12.8,11.5,0.51
111,Telford and Wrekin,West Midlands,No intervention,ASD,New maintained special school,4–6 years,80–150,20.6,502,21.8,2.05,6.9,4.1,0.03
112,Salford,North West,Delivering Better Value,ASD,Resourced provision unit / SEN unit,1–2 years,10–25,24.4,826,7.3,1.72,13.3,25.0,0.08
113,Devon,South West,Safety Valve,SEMH,Resourced provision unit / SEN unit,1–2 years,10–25,14.0,1383,10.3,0.78,28.8,123.9,0.97
114,Oldham,North West,Delivering Better Value,ASD,Resourced provision unit / SEN unit,1–2 years,10–25,30.8,1125,4.5,1.66,4.5,3.3,0.06
115,Wirral,North West,Delivering Better Value,MLD,New maintained special school,4–6 years,80–150,8.3,403,44.2,2.05,4.1,6.2,0.95
116,Stoke-on-Trent,West Midlands,Delivering Better Value,MLD,Resourced provision unit / SEN unit,1–2 years,10–25,20.2,688,5.6,2.05,21.9,21.0,0.89
117,Liverpool,North West,Delivering Better Value,SLD,Resourced provision unit / SEN unit,1–2 years,10–25,7.5,511,16.9,2.05,6.8,23.5,0.78
118,North Northamptonshire,East Midlands,No intervention,SEMH,Resourced provision unit / SEN unit,1–2 years,10–25,12.1,552,11.5,2.05,12.8,32.4,
119,Sefton,North West,Delivering Better Value,MLD,New maintained special school,4–6 years,80–150,10.4,389,31.3,2.05,16.0,27.8,0.5
120,Surrey,South East,Safety Valve,MLD,Resourced provision unit / SEN unit,1–2 years,10–25,4.1,664,11.5,1.5,25.7,194.3,0.91
121,North East Lincolnshire,Yorkshire and The Humber,Delivering Better Value,MLD,New maintained special school,4–6 years,80–150,14.1,280,72.0,2.05,28.0,22.5,0.59
122,Warwickshire,West Midlands,Safety Valve,SEMH,Resourced provision unit / SEN unit,1–2 years,10–25,24.4,1676,1.4,1.83,15.5,31.7,0.15
123,Leicestershire,East Midlands,No intervention,MLD,New maintained special school,4–6 years,80–150,13.3,957,27.2,0.84,16.9,31.0,0.18
124,Leeds,Yorkshire and The Humber,Delivering Better Value,MLD,Resourced provision unit / SEN unit,1–2 years,10–25,11.8,719,16.7,1.41,5.4,19.0,0.04
125,Plymouth,South West,Delivering Better Value,MLD,New maintained special school,4–6 years,80–150,11.4,351,44.5,2.05,10.9,13.5,0.65
126,Bury,North West,Delivering Better Value,ASD,Resourced provision unit / SEN unit,1–2 years,10–25,23.3,653,7.7,1.74,23.4,29.1,0.32
127,Derby,East Midlands,Delivering Better Value,MLD,New maintained special school,4–6 years,80–150,11.5,430,20.9,1.97,12.1,22.4,0.66
128,Leicestershire,East Midlands,No intervention,SEMH,Resourced provision unit / SEN unit,1–2 years,10–25,19.4,1396,7.2,0.84,16.9,31.0,0.18
129,Slough,South East,Delivering Better Value,ASD,Resourced provision unit / SEN unit,1–2 years,10–25,36.6,802,9.3,1.43,7.8,5.2,0.65
130,Nottinghamshire,East Midlands,Delivering Better Value,MLD,New maintained special school,4–6 years,80–150,7.2,390,20.8,2.05,15.8,45.2,0.47
131,Wakefield,Yorkshire and The Humber,Delivering Better Value,SEMH,Resourced provision unit / SEN unit,1–2 years,10–25,15.7,606,11.7,1.61,15.2,20.5,0.09
132,Warrington,North West,No intervention,MLD,Resourced provision unit / SEN unit,1–2 years,10–25,16.7,386,19.8,2.05,16.0,10.3,0.56
133,Coventry,West Midlands,Delivering Better Value,ASD,Resourced provision unit / SEN unit,1–2 years,10–25,24.3,843,3.5,2.05,7.0,16.1,0.33
134,Portsmouth,South East,Delivering Better Value,ASD,Resourced provision unit / SEN unit,1–2 years,10–25,24.9,575,8.5,2.05,3.0,1.2,0.02
135,Wigan,North West,Delivering Better Value,ASD,Resourced provision unit / SEN unit,1–2 years,10–25,15.0,537,7.9,2.05,13.4,25.3,0.07
136,Rotherham,Yorkshire and The Humber,Delivering Better Value,MLD,Resourced provision unit / SEN unit,1–2 years,10–25,12.7,460,15.5,1.93,8.8,15.7,0.38
137,Brighton and Hove,South East,No intervention,SEMH,New maintained special school,4–6 years,80–150,20.4,571,18.5,1.37,14.3,14.0,0.13
138,Bedford,East of England,No intervention,MLD,New maintained special school,4–6 years,80–150,17.3,375,24.7,2.05,5.2,1.4,0.04
139,Knowsley,North West,Delivering Better Value,SLD,Resourced provision unit / SEN unit,1–2 years,10–25,14.1,393,14.8,2.05,15.9,22.4,0.13
140,East Riding of Yorkshire,Yorkshire and The Humber,Delivering Better Value,ASD,New maintained special school,4–6 years,80–150,13.9,514,40.8,1.21,11.3,7.4,0.1
141,North Lincolnshire,Yorkshire and The Humber,Delivering Better Value,SEMH,New maintained special school,4–6 years,80–150,28.5,474,21.7,1.46,18.5,8.9,0.06
142,Blackburn with Darwen,North West,Delivering Better Value,ASD,Resourced provision unit / SEN unit,1–2 years,10–25,27.3,416,12.6,2.05,15.0,9.0,0.03
143,Wiltshire,South West,Safety Valve,SLD,New maintained special school,4–6 years,80–150,4.5,287,35.4,2.05,20.5,48.8,0.66
144,North Yorkshire,Yorkshire and The Humber,Safety Valve,SEMH,New maintained special school,4–6 years,80–150,6.2,340,27.6,2.05,9.3,20.7,0.5
145,Cheshire East,North West,Safety Valve,SEMH,Resourced provision unit / SEN unit,1–2 years,10–25,17.5,853,13.2,0.85,31.6,63.6,0.29
146,Cambridgeshire,East of England,Safety Valve,SEMH,Resourced provision unit / SEN unit,1–2 years,10–25,11.2,898,6.0,1.29,12.6,31.8,0.39
147,Telford and Wrekin,West Midlands,No intervention,MLD,New maintained special school,4–6 years,80–150,13.4,327,32.3,2.05,6.9,4.1,0.03
148,Wokingham,South East,No intervention,SEMH,Resourced provision unit / SEN unit,1–2 years,10–25,20.6,454,9.9,1.9,21.2,20.7,0.52
149,Darlington,North East,Delivering Better Value,MLD,New maintained special school,4–6 years,80–150,23.1,259,57.0,2.05,15.3,4.8,0.04
150,Hillingdon,London,Delivering Better Value,ASD,Resourced provision unit / SEN unit,1–2 years,10–25,32.3,1121,3.0,1.39,14.4,28.6,0.19
151,Bedford,East of England,No intervention,SEMH,New maintained special school,4–6 years,80–150,17.4,378,17.8,2.05,5.2,1.4,0.04
152,Leeds,Yorkshire and The Humber,Delivering Better Value,SEMH,Resourced provision unit / SEN unit,1–2 years,10–25,13.8,838,5.9,1.41,5.4,19.0,0.04
153,Ealing,London,No intervention,SLD,New maintained special school,4–6 years,80–150,10.0,404,21.0,1.65,15.9,32.7,0.17
154,Staffordshire,West Midlands,No intervention,MLD,Resourced provision unit / SEN unit,1–2 years,10–25,5.6,474,19.8,1.4,18.0,99.4,0.69
155,"Bristol, City of",South West,No intervention,MLD,New maintained special school,4–6 years,80–150,6.9,340,35.1,1.72,13.5,29.4,0.91
156,Cumberland,North West,No intervention,SEMH,New maintained special school,4–6 years,80–150,19.8,573,97.0,0.79,14.5,8.6,
157,"Bristol, City of",South West,No intervention,ASD,Resourced provision unit / SEN unit,1–2 years,10–25,17.6,866,3.1,1.72,13.5,29.4,0.91
158,Cheshire West and Chester,North West,No intervention,MLD,New maintained special school,4–6 years,80–150,7.4,280,42.1,2.05,9.1,17.1,0.49
159,Bolton,North West,Delivering Better Value,ASD,Resourced provision unit / SEN unit,1–2 years,10–25,17.2,621,4.3,2.05,10.1,12.9,0.37
160,"Bristol, City of",South West,No intervention,SEMH,Resourced provision unit / SEN unit,1–2 years,10–25,12.4,613,6.1,1.72,13.5,29.4,0.91
161,Bury,North West,Delivering Better Value,SEMH,Resourced provision unit / SEN unit,1–2 years,10–25,24.5,687,3.9,1.74,23.4,29.1,0.32
162,Doncaster,Yorkshire and The Humber,Delivering Better Value,ASD,Resourced provision unit / SEN unit,1–2 years,10–25,13.8,432,8.9,2.05,14.5,21.9,0.14
163,St. Helens,North West,No intervention,ASD,Resourced provision unit / SEN unit,1–2 years,10–25,22.4,489,6.3,2.05,16.9,15.4,0.13
164,Hounslow,London,Delivering Better Value,MLD,Resourced provision unit / SEN unit,1–2 years,10–25,21.1,714,10.8,1.15,15.4,21.4,0.24
165,Wandsworth,London,No intervention,SEMH,Resourced provision unit / SEN unit,1–2 years,10–25,19.7,625,7.6,1.39,23.2,27.5,0.39
166,Liverpool,North West,Delivering Better Value,SEMH,Resourced provision unit / SEN unit,1–2 years,10–25,12.3,835,2.5,2.05,6.8,23.5,0.78
167,Redbridge,London,No intervention,ASD,Resourced provision unit / SEN unit,1–2 years,10–25,31.1,1055,7.4,0.97,2.9,1.3,0.15
168,Central Bedfordshire,East of England,No intervention,SEMH,Resourced provision unit / SEN unit,1–2 years,10–25,9.3,373,14.3,2.05,5.3,8.1,0.64
169,Norfolk,East of England,Safety Valve,SLD,New maintained special school,4–6 years,80–150,1.6,194,71.9,2.05,27.8,138.1,0.98
170,Leeds,Yorkshire and The Humber,Delivering Better Value,SLD,New maintained special school,4–6 years,80–150,6.7,408,35.8,1.41,5.4,19.0,0.04
171,Wolverhampton,West Midlands,Delivering Better Value,SEMH,Resourced provision unit / SEN unit,1–2 years,10–25,20.8,655,5.9,1.59,9.0,12.6,0.42
172,Liverpool,North West,Delivering Better Value,ASD,Resourced provision unit / SEN unit,1–2 years,10–25,11.8,801,2.4,2.05,6.8,23.5,0.78
173,Suffolk,East of England,Safety Valve,MLD,New maintained special school,4–6 years,80–150,2.9,258,55.2,1.75,19.4,63.6,0.3
174,Greenwich,London,Delivering Better Value,SEMH,Resourced provision unit / SEN unit,1–2 years,10–25,15.8,513,5.1,2.05,12.8,11.5,0.51
175,Westmorland and Furness,North West,No intervention,SEMH,New maintained special school,4–6 years,80–150,23.8,566,54.7,0.74,27.3,12.7,
176,Southampton,South East,Delivering Better Value,SEMH,Resourced provision unit / SEN unit,1–2 years,10–25,23.2,646,8.4,1.42,3.8,2.0,0.07
177,Bolton,North West,Delivering Better Value,SEMH,Resourced provision unit / SEN unit,1–2 years,10–25,12.6,454,7.0,2.05,10.1,12.9,0.37
178,Ealing,London,No intervention,MLD,Resourced provision unit / SEN unit,1–2 years,10–25,13.9,562,6.0,1.65,15.9,32.7,0.17
179,South Gloucestershire,South West,No intervention,SEMH,Resourced provision unit / SEN unit,1–2 years,10–25,14.7,475,6.2,1.98,12.6,7.1,0.56
180,South Gloucestershire,South West,No intervention,ASD,Resourced provision unit / SEN unit,1–2 years,10–25,15.1,490,5.7,1.98,12.6,7.1,0.56
181,South Tyneside,North East,Delivering Better Value,ASD,Resourced provision unit / SEN unit,1–2 years,10–25,45.4,806,5.0,1.32,7.8,9.4,0.05
182,Stockport,North West,Delivering Better Value,SEMH,Resourced provision unit / SEN unit,1–2 years,10–25,13.4,469,5.5,2.05,14.6,24.2,0.13
183,Wigan,North West,Delivering Better Value,MLD,Resourced provision unit / SEN unit,1–2 years,10–25,10.7,383,9.0,2.05,13.4,25.3,0.07
184,Cheshire West and Chester,North West,No intervention,ASD,Resourced provision unit / SEN unit,1–2 years,10–25,9.3,355,12.2,2.05,9.1,17.1,0.49
185,Wolverhampton,West Midlands,Delivering Better Value,MLD,Resourced provision unit / SEN unit,1–2 years,10–25,15.2,478,10.5,1.59,9.0,12.6,0.42
186,Cumberland,North West,No intervention,ASD,New maintained special school,4–6 years,80–150,24.9,721,20.8,0.79,14.5,8.6,
187,Dudley,West Midlands,No intervention,MLD,Resourced provision unit / SEN unit,1–2 years,10–25,17.2,654,13.2,1.04,11.0,21.5,0.47
188,West Berkshire,South East,No intervention,SEMH,New maintained special school,4–6 years,80–150,17.2,290,15.4,2.05,19.5,13.6,0.18
189,Havering,London,Delivering Better Value,MLD,Resourced provision unit / SEN unit,1–2 years,10–25,12.4,373,9.2,2.05,11.2,6.7,0.26
190,Medway,South East,Safety Valve,MLD,New maintained special school,4–6 years,80–150,12.3,374,24.1,1.36,20.6,50.1,0.73
191,Westmorland and Furness,North West,No intervention,ASD,New maintained special school,4–6 years,80–150,22.1,525,51.8,0.74,27.3,12.7,
192,Rotherham,Yorkshire and The Humber,Delivering Better Value,SEMH,Resourced provision unit / SEN unit,1–2 years,10–25,11.0,399,9.0,1.93,8.8,15.7,0.38
193,Harrow,London,No intervention,ASD,Resourced provision unit / SEN unit,1–2 years,10–25,17.9,482,3.8,2.05,23.5,28.4,0.53
194,South Gloucestershire,South West,No intervention,MLD,New maintained special school,4–6 years,80–150,7.4,239,36.1,1.98,12.6,7.1,0.56
195,Dorset,South West,Safety Valve,MLD,New maintained special school,4–6 years,80–150,8.7,377,32.9,1.22,18.7,37.0,
196,Luton,East of England,Delivering Better Value,SLD,New maintained special school,4–6 years,80–150,11.3,308,23.4,1.88,3.4,3.7,0.41
197,Tower Hamlets,London,Delivering Better Value,MLD,Resourced provision unit / SEN unit,1–2 years,10–25,9.7,442,5.8,2.05,10.1,5.6,0.75
198,Darlington,North East,Delivering Better Value,ASD,Resourced provision unit / SEN unit,1–2 years,10–25,29.9,335,10.0,2.05,15.3,4.8,0.04
199,North Yorkshire,Yorkshire and The Humber,Safety Valve,SLD,New maintained special school,4–6 years,80–150,3.9,214,50.2,2.05,9.3,20.7,0.5
200,County Durham,North East,No intervention,SEMH,Resourced provision unit / SEN unit,1–2 years,10–25,8.6,463,5.6,2.05,4.3,6.9,0.45
201,Thurrock,East of England,Safety Valve,SEMH,Resourced provision unit / SEN unit,1–2 years,10–25,18.8,472,11.5,1.46,6.6,4.7,0.08
202,Lincolnshire,East Midlands,Delivering Better Value,MLD,New maintained special school,4–6 years,80–150,4.7,396,54.8,1.08,6.5,21.8,0.22
203,Sunderland,North East,Delivering Better Value,SEMH,Resourced provision unit / SEN unit,1–2 years,10–25,22.6,678,9.7,1.04,7.8,14.6,0.39
204,Cheshire East,North West,Safety Valve,MLD,New maintained special school,4–6 years,80–150,10.4,507,22.3,0.85,31.6,63.6,0.29
205,Bromley,London,No intervention,SLD,Resourced provision unit / SEN unit,1–2 years,10–25,6.5,286,11.6,2.05,19.1,34.9,0.77
206,Blackpool,North West,No intervention,ASD,Resourced provision unit / SEN unit,1–2 years,10–25,26.2,435,17.6,1.24,12.2,4.6,0.15
207,Kirklees,Yorkshire and The Humber,Delivering Better Value,SLD,New maintained special school,4–6 years,80–150,5.0,224,31.4,2.05,10.7,17.6,0.41
208,Bury,North West,Delivering Better Value,MLD,Resourced provision unit / SEN unit,1–2 years,10–25,11.6,325,11.5,1.74,23.4,29.1,0.32
209,York,Yorkshire and The Humber,No intervention,SEMH,New maintained special school,4–6 years,80–150,20.8,324,36.4,1.46,2.1,0.4,0.11
210,North Northamptonshire,East Midlands,No intervention,SLD,New maintained special school,4–6 years,80–150,4.7,214,31.7,2.05,12.8,32.4,
211,Hertfordshire,East of England,Safety Valve,SEMH,Resourced provision unit / SEN unit,1–2 years,10–25,3.9,499,6.4,1.61,7.4,38.8,0.72
212,Merton,London,No intervention,SEMH,Resourced provision unit / SEN unit,1–2 years,10–25,18.8,513,8.8,1.13,29.8,31.7,0.35
213,Dudley,West Midlands,No intervention,ASD,Resourced provision unit / SEN unit,1–2 years,10–25,17.2,654,8.5,1.04,11.0,21.5,0.47
214,Rochdale,North West,Delivering Better Value,ASD,Resourced provision unit / SEN unit,1–2 years,10–25,18.0,535,4.6,1.6,14.9,22.0,0.06
215,Wigan,North West,Delivering Better Value,SLD,Resourced provision unit / SEN unit,1–2 years,10–25,7.4,265,14.1,2.05,13.4,25.3,0.07
216,Sefton,North West,Delivering Better Value,SEMH,Resourced provision unit / SEN unit,1–2 years,10–25,11.5,431,4.0,2.05,16.0,27.8,0.5
217,Croydon,London,Delivering Better Value,MLD,Resourced provision unit / SEN unit,1–2 years,10–25,8.4,439,3.9,2.05,14.8,38.3,0.57
218,Solihull,West Midlands,No intervention,ASD,Resourced provision unit / SEN unit,1–2 years,10–25,37.4,936,5.7,0.84,9.6,5.2,0.66
219,Somerset,South West,Safety Valve,MLD,Resourced provision unit / SEN unit,1–2 years,10–25,9.7,555,18.5,0.76,27.7,65.9,0.8
220,Newcastle upon Tyne,North East,Delivering Better Value,SEMH,Resourced provision unit / SEN unit,1–2 years,10–25,14.3,442,4.4,2.05,3.9,6.7,0.74
221,Luton,East of England,Delivering Better Value,SEMH,New maintained special school,4–6 years,80–150,10.6,289,15.7,1.88,3.4,3.7,0.41
222,Cambridgeshire,East of England,Safety Valve,SLD,New maintained special school,4–6 years,80–150,3.6,288,41.9,1.29,12.6,31.8,0.39
223,Trafford,North West,Delivering Better Value,SEMH,Resourced provision unit / SEN unit,1–2 years,10–25,14.9,469,5.6,1.66,7.2,4.4,0.18
224,Lincolnshire,East Midlands,Delivering Better Value,SEMH,New maintained special school,4–6 years,80–150,5.3,444,20.6,1.08,6.5,21.8,0.22
225,Bath and North East Somerset,South West,No intervention,MLD,Resourced provision unit / SEN unit,1–2 years,10–25,9.6,237,19.6,1.93,13.4,10.6,0.19
226,Wakefield,Yorkshire and The Humber,Delivering Better Value,SLD,Resourced provision unit / SEN unit,1–2 years,10–25,7.3,282,19.2,1.61,15.2,20.5,0.09
227,Sheffield,Yorkshire and The Humber,Delivering Better Value,MLD,New maintained special school,4–6 years,80–150,3.7,220,25.6,2.05,5.5,15.6,0.34
228,Trafford,North West,Delivering Better Value,MLD,Resourced provision unit / SEN unit,1–2 years,10–25,10.1,317,14.8,1.66,7.2,4.4,0.18
229,Windsor and Maidenhead,South East,No intervention,ASD,Resourced provision unit / SEN unit,1–2 years,10–25,43.8,588,8.3,0.97,22.7,13.3,0.05
230,"Herefordshire, County of",West Midlands,No intervention,MLD,New maintained special school,4–6 years,80–150,10.0,172,46.6,2.05,10.7,7.7,0.06
231,Thurrock,East of England,Safety Valve,MLD,Resourced provision unit / SEN unit,1–2 years,10–25,14.4,361,13.5,1.46,6.6,4.7,0.08
232,Ealing,London,No intervention,SEMH,Resourced provision unit / SEN unit,1–2 years,10–25,12.0,485,3.9,1.65,15.9,32.7,0.17
233,Middlesbrough,North East,Delivering Better Value,MLD,New maintained special school,4–6 years,80–150,7.6,153,69.9,2.05,10.2,13.1,0.03
234,Enfield,London,No intervention,SEMH,Resourced provision unit / SEN unit,1–2 years,10–25,13.1,651,9.0,0.92,7.2,8.1,0.69
235,West Northamptonshire,East Midlands,No intervention,SEMH,Resourced provision unit / SEN unit,1–2 years,10–25,7.2,298,7.0,2.05,15.6,36.3,
236,Harrow,London,No intervention,SEMH,Resourced provision unit / SEN unit,1–2 years,10–25,10.7,288,6.5,2.05,23.5,28.4,0.53
237,County Durham,North East,No intervention,SLD,Resourced provision unit / SEN unit,1–2 years,10–25,4.3,232,18.0,2.05,4.3,6.9,0.45
238,Shropshire,West Midlands,Safety Valve,SLD,New maintained special school,4–6 years,80–150,5.1,154,42.3,2.05,22.6,23.8,0.15
239,Worcestershire,West Midlands,Safety Valve,SLD,New maintained special school,4–6 years,80–150,2.6,181,27.4,2.05,17.2,63.1,0.36
240,West Northamptonshire,East Midlands,No intervention,ASD,Resourced provision unit / SEN unit,1–2 years,10–25,6.1,255,10.0,2.05,15.6,36.3,
241,Blackburn with Darwen,North West,Delivering Better Value,SEMH,New maintained special school,4–6 years,80–150,14.1,215,15.7,2.05,15.0,9.0,0.03
242,Kent,South East,Safety Valve,SLD,New maintained special school,4–6 years,80–150,1.7,341,22.7,1.08,19.1,246.5,0.99
243,Southampton,South East,Delivering Better Value,MLD,Resourced provision unit / SEN unit,1–2 years,10–25,11.5,320,17.4,1.42,3.8,2.0,0.07
244,Barnet,London,No intervention,MLD,Resourced provision unit / SEN unit,1–2 years,10–25,7.7,333,4.9,2.05,13.2,15.7,0.09
245,Southwark,London,No intervention,MLD,Resourced provision unit / SEN unit,1–2 years,10–25,10.0,355,7.8,1.58,12.3,6.6,0.53
246,Camden,London,No intervention,ASD,Resourced provision unit / SEN unit,1–2 years,10–25,42.7,686,1.8,1.61,17.8,11.0,0.04
247,Lambeth,London,No intervention,SEMH,Resourced provision unit / SEN unit,1–2 years,10–25,14.2,471,4.7,1.5,9.1,4.2,0.21
248,Halton,North West,Delivering Better Value,SEMH,Resourced provision unit / SEN unit,1–2 years,10–25,25.0,428,6.9,1.31,15.7,13.7,0.29
249,Southend-on-Sea,East of England,Safety Valve,MLD,Resourced provision unit / SEN unit,1–2 years,10–25,14.0,279,8.3,2.05,2.3,2.5,0.03
250,Sutton,London,No intervention,ASD,Resourced provision unit / SEN unit,1–2 years,10–25,14.9,384,2.9,2.05,20.2,14.5,0.05
251,Newcastle upon Tyne,North East,Delivering Better Value,MLD,New maintained special school,4–6 years,80–150,5.8,180,25.6,2.05,3.9,6.7,0.74
252,Bracknell Forest,South East,Safety Valve,SEMH,Resourced provision unit / SEN unit,1–2 years,10–25,17.6,291,12.4,1.29,27.1,16.8,0.26
253,Surrey,South East,Safety Valve,ASD,Resourced provision unit / SEN unit,1–2 years,10–25,1.9,312,7.1,1.5,25.7,194.3,0.91
254,Sheffield,Yorkshire and The Humber,Delivering Better Value,ASD,Resourced provision unit / SEN unit,1–2 years,10–25,16.7,996,0.8,2.05,5.5,15.6,0.34
255,Brent,London,No intervention,SEMH,Resourced provision unit / SEN unit,1–2 years,10–25,10.7,406,7.6,1.24,13.6,22.7,0.21
256,Southampton,South East,Delivering Better Value,ASD,Resourced provision unit / SEN unit,1–2 years,10–25,23.9,665,2.5,1.42,3.8,2.0,0.07
257,Oldham,North West,Delivering Better Value,MLD,Resourced provision unit / SEN unit,1–2 years,10–25,7.9,289,9.9,1.66,4.5,3.3,0.06
258,Barking and Dagenham,London,No intervention,MLD,Resourced provision unit / SEN unit,1–2 years,10–25,6.7,205,12.8,2.05,7.2,3.5,0.19
259,Wirral,North West,Delivering Better Value,SEMH,Resourced provision unit / SEN unit,1–2 years,10–25,10.5,510,2.0,2.05,4.1,6.2,0.95
260,Oxfordshire,South East,Safety Valve,ASD,Resourced provision unit / SEN unit,1–2 years,10–25,4.9,356,4.9,1.59,17.0,37.2,0.76
261,Barnsley,Yorkshire and The Humber,Delivering Better Value,MLD,Resourced provision unit / SEN unit,1–2 years,10–25,8.0,244,10.3,1.56,27.6,32.7,0.13
262,Croydon,London,Delivering Better Value,ASD,Resourced provision unit / SEN unit,1–2 years,10–25,15.8,826,0.8,2.05,14.8,38.3,0.57
263,South Tyneside,North East,Delivering Better Value,MLD,New maintained special school,4–6 years,80–150,12.6,224,37.6,1.32,7.8,9.4,0.05
264,Bradford,Yorkshire and The Humber,Delivering Better Value,MLD,Resourced provision unit / SEN unit,1–2 years,10–25,2.3,172,18.5,2.05,10.1,29.1,0.66
265,Hounslow,London,Delivering Better Value,SEMH,Resourced provision unit / SEN unit,1–2 years,10–25,12.7,430,6.6,1.15,15.4,21.4,0.24
266,Salford,North West,Delivering Better Value,MLD,Resourced provision unit / SEN unit,1–2 years,10–25,6.7,227,12.3,1.72,13.3,25.0,0.08
267,Derby,East Midlands,Delivering Better Value,ASD,Resourced provision unit / SEN unit,1–2 years,10–25,10.3,383,2.9,1.97,12.1,22.4,0.66
268,Wandsworth,London,No intervention,MLD,Resourced provision unit / SEN unit,1–2 years,10–25,8.7,276,10.2,1.39,23.2,27.5,0.39
269,North Lincolnshire,Yorkshire and The Humber,Delivering Better Value,MLD,New maintained special school,4–6 years,80–150,10.7,178,38.0,1.46,18.5,8.9,0.06
270,Hackney,London,No intervention,SEMH,Resourced provision unit / SEN unit,1–2 years,10–25,18.7,688,4.7,0.94,0.0,0.0,0.61
271,Richmond upon Thames,London,No intervention,SEMH,Resourced provision unit / SEN unit,1–2 years,10–25,12.8,258,9.9,1.43,26.6,13.0,0.13
272,Barking and Dagenham,London,No intervention,SEMH,Resourced provision unit / SEN unit,1–2 years,10–25,10.8,331,3.6,2.05,7.2,3.5,0.19
273,West Northamptonshire,East Midlands,No intervention,SLD,New maintained special school,4–6 years,80–150,3.4,141,26.1,2.05,15.6,36.3,
274,Sefton,North West,Delivering Better Value,SLD,New maintained special school,4–6 years,80–150,3.6,134,29.8,2.05,16.0,27.8,0.5
275,Milton Keynes,South East,Delivering Better Value,ASD,Resourced provision unit / SEN unit,1–2 years,10–25,25.9,773,2.1,1.17,6.0,6.8,0.1
276,"Kingston upon Hull, City of",Yorkshire and The Humber,No intervention,MLD,New maintained special school,4–6 years,80–150,4.1,133,61.1,1.93,3.3,2.4,0.31
277,"Herefordshire, County of",West Midlands,No intervention,SLD,New maintained special school,4–6 years,80–150,7.2,124,46.4,2.05,10.7,7.7,0.06
278,Waltham Forest,London,No intervention,SEMH,Resourced provision unit / SEN unit,1–2 years,10–25,14.3,523,1.6,2.05,4.4,4.6,0.31
279,Haringey,London,No intervention,ASD,Resourced provision unit / SEN unit,1–2 years,10–25,31.3,926,3.0,0.74,14.2,7.0,0.63
280,Walsall,West Midlands,Delivering Better Value,SEMH,Resourced provision unit / SEN unit,1–2 years,10–25,9.7,460,1.7,2.05,13.7,27.6,0.59
281,East Riding of Yorkshire,Yorkshire and The Humber,Delivering Better Value,MLD,New maintained special school,4–6 years,80–150,5.4,200,53.1,1.21,11.3,7.4,0.1
282,Wokingham,South East,No intervention,MLD,Resourced provision unit / SEN unit,1–2 years,10–25,7.9,174,13.0,1.9,21.2,20.7,0.52
283,Enfield,London,No intervention,MLD,Resourced provision unit / SEN unit,1–2 years,10–25,8.8,437,10.7,0.92,7.2,8.1,0.69
284,Redcar and Cleveland,North East,Delivering Better Value,ASD,Resourced provision unit / SEN unit,1–2 years,10–25,21.7,324,16.0,1.01,14.3,8.7,0.07
285,Croydon,London,Delivering Better Value,SLD,Resourced provision unit / SEN unit,1–2 years,10–25,2.8,146,19.4,2.05,14.8,38.3,0.57
286,Portsmouth,South East,Delivering Better Value,MLD,Resourced provision unit / SEN unit,1–2 years,10–25,9.0,208,9.3,2.05,3.0,1.2,0.02
287,Knowsley,North West,Delivering Better Value,MLD,New maintained special school,4–6 years,80–150,4.5,126,29.0,2.05,15.9,22.4,0.13
288,Isle of Wight,South East,Safety Valve,SEMH,New maintained special school,4–6 years,80–150,24.7,444,18.4,0.74,2.5,0.6,0.09
289,Reading,South East,Delivering Better Value,MLD,Resourced provision unit / SEN unit,1–2 years,10–25,12.2,240,5.2,2.05,11.7,10.7,0.15
290,Lewisham,London,No intervention,SEMH,Resourced provision unit / SEN unit,1–2 years,10–25,13.2,488,4.5,1.0,18.7,,0.72
291,Newham,London,Delivering Better Value,ASD,Resourced provision unit / SEN unit,1–2 years,10–25,42.3,507,6.2,0.92,6.6,2.8,0.86
292,Sunderland,North East,Delivering Better Value,MLD,New maintained special school,4–6 years,80–150,7.8,234,39.1,1.04,7.8,14.6,0.39
293,Devon,South West,Safety Valve,MLD,Resourced provision unit / SEN unit,1–2 years,10–25,3.6,350,14.7,0.78,28.8,123.9,0.97
294,Dudley,West Midlands,No intervention,SEMH,Resourced provision unit / SEN unit,1–2 years,10–25,13.9,527,3.6,1.04,11.0,21.5,0.47
295,North Tyneside,North East,No intervention,SEMH,Resourced provision unit / SEN unit,1–2 years,10–25,24.9,572,7.3,0.74,3.7,5.3,0.45
296,Lambeth,London,No intervention,MLD,Resourced provision unit / SEN unit,1–2 years,10–25,7.1,235,10.2,1.5,9.1,4.2,0.21
297,East Sussex,South East,Safety Valve,SLD,New maintained special school,4–6 years,80–150,2.1,104,45.9,1.99,13.4,41.4,0.19
298,Islington,London,No intervention,ASD,Resourced provision unit / SEN unit,1–2 years,10–25,28.1,596,1.0,2.05,6.4,2.6,0.23
299,Salford,North West,Delivering Better Value,SEMH,Resourced provision unit / SEN unit,1–2 years,10–25,10.4,352,2.6,1.72,13.3,25.0,0.08
300,Isle of Wight,South East,Safety Valve,ASD,New maintained special school,4–6 years,80–150,19.3,347,26.9,0.74,2.5,0.6,0.09
301,Waltham Forest,London,No intervention,MLD,Resourced provision unit / SEN unit,1–2 years,10–25,5.2,190,7.5,2.05,4.4,4.6,0.31
302,West Berkshire,South East,No intervention,ASD,Resourced provision unit / SEN unit,1–2 years,10–25,10.4,175,6.5,2.05,19.5,13.6,0.18
303,Oxfordshire,South East,Safety Valve,MLD,New maintained special school,4–6 years,80–150,1.8,130,34.6,1.59,17.0,37.2,0.76
304,Calderdale,Yorkshire and The Humber,Delivering Better Value,MLD,Resourced provision unit / SEN unit,1–2 years,10–25,4.8,123,17.1,2.05,16.8,17.9,0.03
305,Richmond upon Thames,London,No intervention,MLD,Resourced provision unit / SEN unit,1–2 years,10–25,9.7,196,10.2,1.43,26.6,13.0,0.13
306,Hammersmith and Fulham,London,No intervention,SEMH,Resourced provision unit / SEN unit,1–2 years,10–25,13.7,244,7.7,1.32,22.0,18.1,0.53
307,Islington,London,No intervention,SEMH,Resourced provision unit / SEN unit,1–2 years,10–25,14.2,301,2.6,2.05,6.4,2.6,0.23
308,Kingston upon Thames,London,No intervention,SEMH,Resourced provision unit / SEN unit,1–2 years,10–25,10.8,211,8.2,1.52,17.5,6.5,0.05
309,Hartlepool,North East,Delivering Better Value,MLD,New maintained special school,4–6 years,80–150,14.8,143,60.8,1.21,16.6,8.8,0.47
310,Coventry,West Midlands,Delivering Better Value,SLD,Resourced provision unit / SEN unit,1–2 years,10–25,3.7,129,16.9,2.05,7.0,16.1,0.33
311,Reading,South East,Delivering Better Value,SEMH,Resourced provision unit / SEN unit,1–2 years,10–25,13.3,262,2.8,2.05,11.7,10.7,0.15
312,York,Yorkshire and The Humber,No intervention,MLD,New maintained special school,4–6 years,80–150,8.9,138,45.8,1.46,2.1,0.4,0.11
313,Redcar and Cleveland,North East,Delivering Better Value,SEMH,Resourced provision unit / SEN unit,1–2 years,10–25,19.0,283,10.3,1.01,14.3,8.7,0.07
314,Cheshire West and Chester,North West,No intervention,SEMH,Resourced provision unit / SEN unit,1–2 years,10–25,3.5,134,12.9,2.05,9.1,17.1,0.49
315,Halton,North West,Delivering Better Value,MLD,New maintained special school,4–6 years,80–150,8.9,152,29.4,1.31,15.7,13.7,0.29
316,Hartlepool,North East,Delivering Better Value,SEMH,Resourced provision unit / SEN unit,1–2 years,10–25,20.8,201,14.7,1.21,16.6,8.8,0.47
317,Westmorland and Furness,North West,No intervention,SLD,New maintained special school,4–6 years,80–150,8.9,212,49.0,0.74,27.3,12.7,
318,Blackpool,North West,No intervention,SEMH,Resourced provision unit / SEN unit,1–2 years,10–25,18.5,307,5.0,1.24,12.2,4.6,0.15
319,Brent,London,No intervention,ASD,Resourced provision unit / SEN unit,1–2 years,10–25,30.6,1158,0.6,1.24,13.6,22.7,0.21
320,Redcar and Cleveland,North East,Delivering Better Value,MLD,New maintained special school,4–6 years,80–150,10.1,151,76.2,1.01,14.3,8.7,0.07
321,St. Helens,North West,No intervention,SEMH,Resourced provision unit / SEN unit,1–2 years,10–25,8.8,192,4.1,2.05,16.9,15.4,0.13
322,Harrow,London,No intervention,SLD,New maintained special school,4–6 years,80–150,3.4,91,22.5,2.05,23.5,28.4,0.53
323,St. Helens,North West,No intervention,MLD,New maintained special school,4–6 years,80–150,4.5,98,20.6,2.05,16.9,15.4,0.13
324,Brent,London,No intervention,SLD,Resourced provision unit / SEN unit,1–2 years,10–25,4.8,182,15.9,1.24,13.6,22.7,0.21
325,Merton,London,No intervention,SLD,New maintained special school,4–6 years,80–150,5.6,153,23.7,1.13,29.8,31.7,0.35
326,Hammersmith and Fulham,London,No intervention,ASD,Resourced provision unit / SEN unit,1–2 years,10–25,17.7,316,3.1,1.32,22.0,18.1,0.53
327,Sandwell,West Midlands,Delivering Better Value,SEMH,Resourced provision unit / SEN unit,1–2 years,10–25,3.7,152,6.6,2.05,14.3,24.0,0.21
328,Hampshire,South East,Safety Valve,SLD,New maintained special school,4–6 years,80–150,0.5,88,24.4,2.05,20.6,157.6,0.98
329,Cambridgeshire,East of England,Safety Valve,MLD,Resourced provision unit / SEN unit,1–2 years,10–25,2.0,163,17.5,1.29,12.6,31.8,0.39
330,Merton,London,No intervention,MLD,Resourced provision unit / SEN unit,1–2 years,10–25,11.2,306,3.6,1.13,29.8,31.7,0.35
331,Sandwell,West Midlands,Delivering Better Value,SLD,Resourced provision unit / SEN unit,1–2 years,10–25,3.1,126,8.8,2.05,14.3,24.0,0.21
332,"Bournemouth, Christchurch and Poole",South West,No intervention,SLD,New maintained special school,4–6 years,80–150,1.6,71,55.9,2.0,16.0,34.8,
333,Medway,South East,Safety Valve,SEMH,Resourced provision unit / SEN unit,1–2 years,10–25,7.6,231,4.8,1.36,20.6,50.1,0.73
334,Luton,East of England,Delivering Better Value,MLD,Resourced provision unit / SEN unit,1–2 years,10–25,5.8,158,7.6,1.88,3.4,3.7,0.41
335,Derby,East Midlands,Delivering Better Value,SLD,New maintained special school,4–6 years,80–150,2.6,97,20.7,1.97,12.1,22.4,0.66
336,Coventry,West Midlands,Delivering Better Value,SEMH,Resourced provision unit / SEN unit,1–2 years,10–25,4.5,156,5.8,2.05,7.0,16.1,0.33
337,Swindon,South West,Safety Valve,SEMH,Resourced provision unit / SEN unit,1–2 years,10–25,14.0,389,2.9,1.21,2.5,3.6,0.37
338,Slough,South East,Delivering Better Value,MLD,Resourced provision unit / SEN unit,1–2 years,10–25,7.3,160,13.2,1.43,7.8,5.2,0.65
339,Bracknell Forest,South East,Safety Valve,MLD,Resourced provision unit / SEN unit,1–2 years,10–25,10.6,175,8.7,1.29,27.1,16.8,0.26
340,Central Bedfordshire,East of England,No intervention,SLD,Resourced provision unit / SEN unit,1–2 years,10–25,2.6,105,16.3,2.05,5.3,8.1,0.64
341,Stoke-on-Trent,West Midlands,Delivering Better Value,SEMH,Resourced provision unit / SEN unit,1–2 years,10–25,7.9,269,1.6,2.05,21.9,21.0,0.89
342,Rochdale,North West,Delivering Better Value,SEMH,Resourced provision unit / SEN unit,1–2 years,10–25,6.6,196,4.9,1.6,14.9,22.0,0.06
343,Greenwich,London,Delivering Better Value,MLD,Resourced provision unit / SEN unit,1–2 years,10–25,4.1,133,7.0,2.05,12.8,11.5,0.51
344,Brighton and Hove,South East,No intervention,SLD,New maintained special school,4–6 years,80–150,4.3,120,27.2,1.37,14.3,14.0,0.13
345,Warrington,North West,No intervention,SEMH,Resourced provision unit / SEN unit,1–2 years,10–25,7.3,169,3.8,2.05,16.0,10.3,0.56
346,Haringey,London,No intervention,SEMH,Resourced provision unit / SEN unit,1–2 years,10–25,13.0,384,5.9,0.74,14.2,7.0,0.63
347,Windsor and Maidenhead,South East,No intervention,SEMH,Resourced provision unit / SEN unit,1–2 years,10–25,18.9,254,6.9,0.97,22.7,13.3,0.05
348,Stockton-on-Tees,North East,Delivering Better Value,SLD,Resourced provision unit / SEN unit,1–2 years,10–25,4.8,117,9.6,1.88,17.6,23.7,0.16
349,Knowsley,North West,Delivering Better Value,SEMH,Resourced provision unit / SEN unit,1–2 years,10–25,6.3,175,3.3,2.05,15.9,22.4,0.13
350,Hillingdon,London,Delivering Better Value,MLD,Resourced provision unit / SEN unit,1–2 years,10–25,6.0,208,5.3,1.39,14.4,28.6,0.19
351,North Tyneside,North East,No intervention,MLD,New maintained special school,4–6 years,80–150,9.5,218,34.5,0.74,3.7,5.3,0.45
352,Wokingham,South East,No intervention,SLD,Resourced provision unit / SEN unit,1–2 years,10–25,4.7,104,11.0,1.9,21.2,20.7,0.52
353,Hounslow,London,Delivering Better Value,SLD,New maintained special school,4–6 years,80–150,4.1,139,23.5,1.15,15.4,21.4,0.24
354,Buckinghamshire,South East,No intervention,MLD,Resourced provision unit / SEN unit,1–2 years,10–25,2.1,148,12.2,1.39,8.8,26.2,0.14
355,Lewisham,London,No intervention,SLD,Resourced provision unit / SEN unit,1–2 years,10–25,5.2,192,11.0,1.0,18.7,,0.72
356,Kingston upon Thames,London,No intervention,ASD,Resourced provision unit / SEN unit,1–2 years,10–25,17.8,349,1.5,1.52,17.5,6.5,0.05
357,Camden,London,No intervention,SEMH,Resourced provision unit / SEN unit,1–2 years,10–25,9.0,144,6.7,1.61,17.8,11.0,0.04
358,Rochdale,North West,Delivering Better Value,SLD,Resourced provision unit / SEN unit,1–2 years,10–25,4.4,131,8.9,1.6,14.9,22.0,0.06
359,Cheshire East,North West,Safety Valve,SLD,Resourced provision unit / SEN unit,1–2 years,10–25,3.3,161,18.6,0.85,31.6,63.6,0.29
360,Stockport,North West,Delivering Better Value,SLD,Resourced provision unit / SEN unit,1–2 years,10–25,3.3,116,6.1,2.05,14.6,24.2,0.13
361,Middlesbrough,North East,Delivering Better Value,ASD,Resourced provision unit / SEN unit,1–2 years,10–25,5.1,102,8.7,2.05,10.2,13.1,0.03
362,Halton,North West,Delivering Better Value,ASD,Resourced provision unit / SEN unit,1–2 years,10–25,13.9,237,3.2,1.31,15.7,13.7,0.29
363,Stoke-on-Trent,West Midlands,Delivering Better Value,SLD,Resourced provision unit / SEN unit,1–2 years,10–25,2.2,75,14.1,2.05,21.9,21.0,0.89
364,Kensington and Chelsea,London,No intervention,ASD,Resourced provision unit / SEN unit,1–2 years,10–25,47.3,387,1.4,1.24,19.2,3.2,0.04
365,Redbridge,London,No intervention,MLD,Resourced provision unit / SEN unit,1–2 years,10–25,5.6,190,12.4,0.97,2.9,1.3,0.15
366,Sutton,London,No intervention,MLD,Resourced provision unit / SEN unit,1–2 years,10–25,8.9,230,1.4,2.05,20.2,14.5,0.05
367,Hillingdon,London,Delivering Better Value,SLD,New maintained special school,4–6 years,80–150,2.8,97,21.8,1.39,14.4,28.6,0.19
368,Haringey,London,No intervention,MLD,Resourced provision unit / SEN unit,1–2 years,10–25,11.1,328,4.6,0.74,14.2,7.0,0.63
369,Barnet,London,No intervention,SLD,Resourced provision unit / SEN unit,1–2 years,10–25,1.7,73,15.5,2.05,13.2,15.7,0.09
370,Dorset,South West,Safety Valve,SLD,New maintained special school,4–6 years,80–150,2.1,91,28.6,1.22,18.7,37.0,
371,Stockton-on-Tees,North East,Delivering Better Value,SEMH,Resourced provision unit / SEN unit,1–2 years,10–25,5.0,123,4.2,1.88,17.6,23.7,0.16
372,Hammersmith and Fulham,London,No intervention,MLD,Resourced provision unit / SEN unit,1–2 years,10–25,6.7,119,9.1,1.32,22.0,18.1,0.53
373,Calderdale,Yorkshire and The Humber,Delivering Better Value,SLD,New maintained special school,4–6 years,80–150,2.1,54,29.8,2.05,16.8,17.9,0.03
374,Isle of Wight,South East,Safety Valve,MLD,Resourced provision unit / SEN unit,1–2 years,10–25,11.6,209,14.8,0.74,2.5,0.6,0.09
375,Blackburn with Darwen,North West,Delivering Better Value,SLD,Resourced provision unit / SEN unit,1–2 years,10–25,4.2,64,16.6,2.05,15.0,9.0,0.03
376,Sutton,London,No intervention,SLD,New maintained special school,4–6 years,80–150,2.1,54,20.2,2.05,20.2,14.5,0.05
377,Wandsworth,London,No intervention,SLD,Resourced provision unit / SEN unit,1–2 years,10–25,2.8,89,13.4,1.39,23.2,27.5,0.39
378,Torbay,South West,No intervention,ASD,Resourced provision unit / SEN unit,1–2 years,10–25,19.3,317,1.7,1.2,6.3,2.3,0.38
379,Enfield,London,No intervention,SLD,Resourced provision unit / SEN unit,1–2 years,10–25,3.0,149,13.8,0.92,7.2,8.1,0.69
380,Nottinghamshire,East Midlands,Delivering Better Value,SLD,Resourced provision unit / SEN unit,1–2 years,10–25,1.0,54,19.6,2.05,15.8,45.2,0.47
381,Trafford,North West,Delivering Better Value,SLD,Resourced provision unit / SEN unit,1–2 years,10–25,3.6,113,5.8,1.66,7.2,4.4,0.18
382,Camden,London,No intervention,MLD,Resourced provision unit / SEN unit,1–2 years,10–25,13.1,211,1.6,1.61,17.8,11.0,0.04
383,Swindon,South West,Safety Valve,ASD,Resourced provision unit / SEN unit,1–2 years,10–25,6.5,181,4.3,1.21,2.5,3.6,0.37
384,Oldham,North West,Delivering Better Value,SLD,Resourced provision unit / SEN unit,1–2 years,10–25,2.7,99,7.8,1.66,4.5,3.3,0.06
385,Havering,London,Delivering Better Value,SEMH,Resourced provision unit / SEN unit,1–2 years,10–25,3.4,103,3.8,2.05,11.2,6.7,0.26
386,Brighton and Hove,South East,No intervention,MLD,Resourced provision unit / SEN unit,1–2 years,10–25,6.6,185,2.6,1.37,14.3,14.0,0.13
387,Hackney,London,No intervention,MLD,Resourced provision unit / SEN unit,1–2 years,10–25,9.0,331,2.2,0.94,0.0,0.0,0.61
388,Nottingham,East Midlands,Delivering Better Value,SLD,New maintained special school,4–6 years,80–150,2.9,55,20.6,2.05,3.4,2.2,0.11
389,Lewisham,London,No intervention,MLD,Resourced provision unit / SEN unit,1–2 years,10–25,3.3,122,9.4,1.0,18.7,,0.72
390,Blackpool,North West,No intervention,SLD,New maintained special school,4–6 years,80–150,3.7,61,49.5,1.24,12.2,4.6,0.15
391,Wandsworth,London,No intervention,ASD,Resourced provision unit / SEN unit,1–2 years,10–25,4.7,150,2.4,1.39,23.2,27.5,0.39
392,Lambeth,London,No intervention,SLD,Resourced provision unit / SEN unit,1–2 years,10–25,2.4,80,9.5,1.5,9.1,4.2,0.21
393,Sunderland,North East,Delivering Better Value,ASD,Resourced provision unit / SEN unit,1–2 years,10–25,8.4,252,1.8,1.04,7.8,14.6,0.39
394,Waltham Forest,London,No intervention,SLD,Resourced provision unit / SEN unit,1–2 years,10–25,1.7,62,7.5,2.05,4.4,4.6,0.31
395,Windsor and Maidenhead,South East,No intervention,MLD,Resourced provision unit / SEN unit,1–2 years,10–25,6.3,85,15.5,0.97,22.7,13.3,0.05
396,Greenwich,London,Delivering Better Value,SLD,Resourced provision unit / SEN unit,1–2 years,10–25,1.7,55,7.9,2.05,12.8,11.5,0.51
397,Barnsley,Yorkshire and The Humber,Delivering Better Value,SLD,Resourced provision unit / SEN unit,1–2 years,10–25,1.7,52,14.0,1.56,27.6,32.7,0.13
398,Southampton,South East,Delivering Better Value,SLD,New maintained special school,4–6 years,80–150,2.0,56,28.0,1.42,3.8,2.0,0.07
399,Milton Keynes,South East,Delivering Better Value,SLD,New maintained special school,4–6 years,80–150,2.4,72,21.1,1.17,6.0,6.8,0.1
400,Dudley,West Midlands,No intervention,SLD,Resourced provision unit / SEN unit,1–2 years,10–25,2.6,99,10.0,1.04,11.0,21.5,0.47
401,Salford,North West,Delivering Better Value,SLD,Resourced provision unit / SEN unit,1–2 years,10–25,1.9,64,7.6,1.72,13.3,25.0,0.08
402,Leicester,East Midlands,Delivering Better Value,SEMH,Resourced provision unit / SEN unit,1–2 years,10–25,2.1,86,2.8,2.05,11.0,21.2,0.63
403,Derby,East Midlands,Delivering Better Value,SEMH,Resourced provision unit / SEN unit,1–2 years,10–25,2.2,82,3.2,1.97,12.1,22.4,0.66
404,Darlington,North East,Delivering Better Value,SEMH,Resourced provision unit / SEN unit,1–2 years,10–25,8.5,96,2.1,2.05,15.3,4.8,0.04
405,Peterborough,East of England,Safety Valve,SEMH,Resourced provision unit / SEN unit,1–2 years,10–25,3.7,107,2.1,2.05,0.0,0.0,0.17
406,Kensington and Chelsea,London,No intervention,SEMH,Resourced provision unit / SEN unit,1–2 years,10–25,10.9,89,5.5,1.24,19.2,3.2,0.04
407,Wakefield,Yorkshire and The Humber,Delivering Better Value,MLD,Resourced provision unit / SEN unit,1–2 years,10–25,1.6,62,7.4,1.61,15.2,20.5,0.09
408,Wigan,North West,Delivering Better Value,SEMH,Resourced provision unit / SEN unit,1–2 years,10–25,7.3,261,0.5,2.05,13.4,25.3,0.07
409,Knowsley,North West,Delivering Better Value,ASD,Resourced provision unit / SEN unit,1–2 years,10–25,1.9,54,5.4,2.05,15.9,22.4,0.13
410,Walsall,West Midlands,Delivering Better Value,ASD,Resourced provision unit / SEN unit,1–2 years,10–25,1.2,56,5.3,2.05,13.7,27.6,0.59
411,North East Lincolnshire,Yorkshire and The Humber,Delivering Better Value,SLD,Resourced provision unit / SEN unit,1–2 years,10–25,4.2,83,2.0,2.05,28.0,22.5,0.59
412,Southend-on-Sea,East of England,Safety Valve,SEMH,Resourced provision unit / SEN unit,1–2 years,10–25,7.3,145,1.2,2.05,2.3,2.5,0.03
413,Westminster,London,No intervention,SEMH,Resourced provision unit / SEN unit,1–2 years,10–25,7.8,111,3.5,1.18,14.7,7.5,0.05
414,Bath and North East Somerset,South West,No intervention,SLD,Resourced provision unit / SEN unit,1–2 years,10–25,1.6,40,12.3,1.93,13.4,10.6,0.19
415,Redcar and Cleveland,North East,Delivering Better Value,SLD,Resourced provision unit / SEN unit,1–2 years,10–25,6.2,93,7.0,1.01,14.3,8.7,0.07
416,Camden,London,No intervention,SLD,Resourced provision unit / SEN unit,1–2 years,10–25,2.6,42,15.1,1.61,17.8,11.0,0.04
417,Solihull,West Midlands,No intervention,SEMH,Resourced provision unit / SEN unit,1–2 years,10–25,4.5,112,7.3,0.84,9.6,5.2,0.66
418,Hillingdon,London,Delivering Better Value,SEMH,Resourced provision unit / SEN unit,1–2 years,10–25,2.5,86,3.9,1.39,14.4,28.6,0.19
419,Bury,North West,Delivering Better Value,SLD,Resourced provision unit / SEN unit,1–2 years,10–25,1.9,53,5.7,1.74,23.4,29.1,0.32
420,Havering,London,Delivering Better Value,SLD,Resourced provision unit / SEN unit,1–2 years,10–25,1.8,54,4.4,2.05,11.2,6.7,0.26
421,Bracknell Forest,South East,Safety Valve,SLD,Resourced provision unit / SEN unit,1–2 years,10–25,3.1,51,10.9,1.29,27.1,16.8,0.26
422,St. Helens,North West,No intervention,SLD,Resourced provision unit / SEN unit,1–2 years,10–25,1.5,33,13.0,2.05,16.9,15.4,0.13
423,South Tyneside,North East,Delivering Better Value,SEMH,Resourced provision unit / SEN unit,1–2 years,10–25,7.6,135,1.8,1.32,7.8,9.4,0.05
424,Slough,South East,Delivering Better Value,SLD,New maintained special school,4–6 years,80–150,1.8,39,22.1,1.43,7.8,5.2,0.65
425,Darlington,North East,Delivering Better Value,SLD,New maintained special school,4–6 years,80–150,2.2,25,25.0,2.05,15.3,4.8,0.04
426,Southend-on-Sea,East of England,Safety Valve,SLD,Resourced provision unit / SEN unit,1–2 years,10–25,1.8,36,11.3,2.05,2.3,2.5,0.03
427,Redbridge,London,No intervention,SLD,Resourced provision unit / SEN unit,1–2 years,10–25,2.7,92,6.9,0.97,2.9,1.3,0.15
428,Westmorland and Furness,North West,No intervention,MLD,New maintained special school,4–6 years,80–150,2.0,48,52.0,0.74,27.3,12.7,
429,Kingston upon Thames,London,No intervention,SLD,New maintained special school,4–6 years,80–150,1.6,31,22.6,1.52,17.5,6.5,0.05
430,Bexley,London,Delivering Better Value,ASD,Resourced provision unit / SEN unit,1–2 years,10–25,1.6,54,3.0,2.05,12.6,9.9,0.2
431,Torbay,South West,No intervention,SLD,Resourced provision unit / SEN unit,1–2 years,10–25,3.1,51,11.8,1.2,6.3,2.3,0.38
432,York,Yorkshire and The Humber,No intervention,SLD,New maintained special school,4–6 years,80–150,2.0,31,31.7,1.46,2.1,0.4,0.11
433,North Lincolnshire,Yorkshire and The Humber,Delivering Better Value,SLD,New maintained special school,4–6 years,80–150,1.8,30,21.5,1.46,18.5,8.9,0.06
434,Sheffield,Yorkshire and The Humber,Delivering Better Value,SLD,Resourced provision unit / SEN unit,1–2 years,10–25,0.6,35,7.1,2.05,5.5,15.6,0.34
435,Southwark,London,No intervention,ASD,Resourced provision unit / SEN unit,1–2 years,10–25,29.0,1030,0.1,1.58,12.3,6.6,0.53
436,South Tyneside,North East,Delivering Better Value,SLD,Resourced provision unit / SEN unit,1–2 years,10–25,3.0,53,6.2,1.32,7.8,9.4,0.05
437,Richmond upon Thames,London,No intervention,SLD,New maintained special school,4–6 years,80–150,1.3,26,21.6,1.43,26.6,13.0,0.13
438,Hackney,London,No intervention,SLD,Resourced provision unit / SEN unit,1–2 years,10–25,2.4,88,4.4,0.94,0.0,0.0,0.61
439,Sutton,London,No intervention,SEMH,Resourced provision unit / SEN unit,1–2 years,10–25,2.0,52,2.0,2.05,20.2,14.5,0.05
440,Hammersmith and Fulham,London,No intervention,SLD,Resourced provision unit / SEN unit,1–2 years,10–25,1.8,32,13.6,1.32,22.0,18.1,0.53
441,Islington,London,No intervention,SLD,Resourced provision unit / SEN unit,1–2 years,10–25,1.5,32,6.1,2.05,6.4,2.6,0.23
442,Westminster,London,No intervention,MLD,Resourced provision unit / SEN unit,1–2 years,10–25,3.6,51,6.0,1.18,14.7,7.5,0.05
443,Isle of Wight,South East,Safety Valve,SLD,Resourced provision unit / SEN unit,1–2 years,10–25,3.3,59,17.9,0.74,2.5,0.6,0.09
444,Lewisham,London,No intervention,ASD,Resourced provision unit / SEN unit,1–2 years,10–25,3.5,129,1.3,1.0,18.7,,0.72
445,Lambeth,London,No intervention,ASD,Resourced provision unit / SEN unit,1–2 years,10–25,2.2,73,1.9,1.5,9.1,4.2,0.21
446,Kensington and Chelsea,London,No intervention,MLD,Resourced provision unit / SEN unit,1–2 years,10–25,4.6,38,8.2,1.24,19.2,3.2,0.04
447,Southwark,London,No intervention,SLD,Resourced provision unit / SEN unit,1–2 years,10–25,1.0,36,6.0,1.58,12.3,6.6,0.53
448,Newham,London,Delivering Better Value,MLD,Resourced provision unit / SEN unit,1–2 years,10–25,4.4,53,9.1,0.92,6.6,2.8,0.86
449,Hartlepool,North East,Delivering Better Value,SLD,Resourced provision unit / SEN unit,1–2 years,10–25,3.2,31,14.5,1.21,16.6,8.8,0.47
450,Kensington and Chelsea,London,No intervention,SLD,Resourced provision unit / SEN unit,1–2 years,10–25,3.9,32,11.3,1.24,19.2,3.2,0.04
451,Plymouth,South West,Delivering Better Value,SEMH,Resourced provision unit / SEN unit,1–2 years,10–25,1.7,53,1.3,2.05,10.9,13.5,0.65
452,Westminster,London,No intervention,SLD,Resourced provision unit / SEN unit,1–2 years,10–25,2.2,31,9.4,1.18,14.7,7.5,0.05
453,North Tyneside,North East,No intervention,SLD,Resourced provision unit / SEN unit,1–2 years,10–25,2.9,67,5.4,0.74,3.7,5.3,0.45
454,Peterborough,East of England,Safety Valve,SLD,New maintained special school,4–6 years,80–150,0.5,15,21.4,2.05,0.0,0.0,0.17
455,West Berkshire,South East,No intervention,SLD,Resourced provision unit / SEN unit,1–2 years,10–25,0.8,13,14.7,2.05,19.5,13.6,0.18
456,Windsor and Maidenhead,South East,No intervention,SLD,Resourced provision unit / SEN unit,1–2 years,10–25,1.7,23,19.6,0.97,22.7,13.3,0.05
457,Cumberland,North West,No intervention,MLD,New maintained special school,4–6 years,80–150,0.6,17,82.1,0.79,14.5,8.6,
458,Oldham,North West,Delivering Better Value,SEMH,Resourced provision unit / SEN unit,1–2 years,10–25,2.4,88,0.5,1.66,4.5,3.3,0.06
459,Haringey,London,No intervention,SLD,Resourced provision unit / SEN unit,1–2 years,10–25,1.0,30,9.1,0.74,14.2,7.0,0.63
460,Newham,London,Delivering Better Value,SLD,Resourced provision unit / SEN unit,1–2 years,10–25,2.8,34,4.4,0.92,6.6,2.8,0.86
461,Middlesbrough,North East,Delivering Better Value,SEMH,Resourced provision unit / SEN unit,1–2 years,10–25,2.0,39,0.8,2.05,10.2,13.1,0.03
462,Redbridge,London,No intervention,SEMH,Resourced provision unit / SEN unit,1–2 years,10–25,1.0,34,2.2,0.97,2.9,1.3,0.15
463,Portsmouth,South East,Delivering Better Value,SEMH,Resourced provision unit / SEN unit,1–2 years,10–25,0.5,10,1.6,2.05,3.0,1.2,0.02
464,Merton,London,No intervention,ASD,Resourced provision unit / SEN unit,1–2 years,10–25,1.6,43,0.3,1.13,29.8,31.7,0.35
465,Slough,South East,Delivering Better Value,SEMH,Resourced provision unit / SEN unit,1–2 years,10–25,0.7,14,0.2,1.43,7.8,5.2,0.65
466,Milton Keynes,South East,Delivering Better Value,SEMH,Resourced provision unit / SEN unit,1–2 years,10–25,0.1,2,3.1,1.17,6.0,6.8,0.1
467,Leicestershire,East Midlands,No intervention,SLD,Resourced provision unit / SEN unit,1–2 years,10–25,0.0,1,9.8,0.84,16.9,31.0,0.18
