la_code,dist_state_ASD_km_lsoa_mean,dist_state_SEMH_km_lsoa_mean,dist_state_SLD_km_lsoa_mean,dist_state_MLD_km_lsoa_mean,dist_state_SLCN_km_lsoa_mean,dist_indep_ASD_km_lsoa_mean,dist_indep_SEMH_km_lsoa_mean,dist_state_ASD_km_lsoa_sd,dist_state_SEMH_km_lsoa_sd,dist_state_SLD_km_lsoa_sd,dist_state_MLD_km_lsoa_sd,dist_state_SLCN_km_lsoa_sd,dist_indep_ASD_km_lsoa_sd,dist_indep_SEMH_km_lsoa_sd,dist_state_ASD_km_lsoa_max,dist_state_SEMH_km_lsoa_max,dist_state_SLD_km_lsoa_max,dist_state_MLD_km_lsoa_max,dist_state_SLCN_km_lsoa_max,dist_indep_ASD_km_lsoa_max,dist_indep_SEMH_km_lsoa_max,pop_spread_km
E06000001,2.2797572928689127,14.834214078188177,14.591459745467823,115.50089541435759,29.777341707595966,21.98739885247699,28.26787430636753,1.0688861639569314,2.071637708941612,2.0648712198155876,2.006225699283327,1.8941406764394402,1.274958534560057,1.2874033002926109,4.417908982041256,18.613948330248967,18.628556425509235,118.79108834818213,33.48603152265928,25.243508826197882,31.03398190042243,2.4073428042444105
E06000002,2.41785114552767,1.986636537888081,3.8767945790399696,101.24884437468215,37.3027593237449,20.92023576201237,33.60328711554646,0.9404460344193166,0.789531655093126,1.5293007285975482,1.8557888318798568,1.8711800434681103,1.6419405712663204,1.8041641351666113,4.6056167340742,3.774436950417369,6.741502751142694,104.04155181852146,39.90794109286215,24.14391404514767,37.69218554221001,2.5160254342614676
E06000003,11.773384671000196,11.13994812356216,8.134836446011128,107.14458474340722,36.550915252260545,31.34446036562748,41.83069350262382,5.069585013563669,5.027677250677843,4.919757939400291,3.401157841100251,2.8239483291137084,4.998866952766837,4.744384969604798,24.602752722641366,23.623338538988047,20.731943506218443,111.71099678642469,41.39954395184782,44.25920338147606,55.08808337292407,5.856806303338032
E06000004,3.9910598660116046,5.391243939611684,10.432125496714828,101.50778230242184,37.03854557309282,14.94540972893214,27.54358046193436,2.2497218966117987,2.4115470499052862,1.7127926625852068,3.9963244859600464,1.980327259800717,1.8892016792098691,2.4555812218874986,9.980879220094574,12.31984884641596,16.824764524872933,108.82064052715674,40.2122200520682,18.201780591011836,32.40202133292052,4.357155958204926
E06000005,13.983378126347866,3.329417542399081,24.491242427324334,95.75698623782382,40.353329446704926,5.471398626786145,18.905091481247922,1.7482811773901217,1.9274985552717496,2.0613995843517,1.8524001892856208,1.8267382422164908,1.5898142318787836,2.3040926061364444,16.682430122168366,9.339292095976003,29.361966004719335,102.55533714760686,45.29946595029419,8.333196198067826,25.53353917573094,2.8199475656478565
E06000006,4.162134922041286,7.1941750267437685,4.3320834786307385,21.866858055998232,4.023394403080831,4.119405692373599,2.9081234012229142,1.8866325992718045,2.365763443918102,2.2255009760900557,3.0592359220293717,2.4102388490041564,2.1185929034736812,1.6823936931790067,7.385369512512207,11.508149774161733,8.031688642229645,26.48654094771663,8.382075053500428,7.654298511145249,6.238542550189056,3.4745898777909123
E06000007,3.5312246745731515,4.660879615524408,4.168899773215173,19.794855063455174,10.593949709815178,6.140917531042981,9.915214183203952,1.5136114923167667,1.670255643906772,2.068292342949342,2.3944197610481273,2.0022183559232154,2.350170505899172,2.116115332553294,6.902190821480124,8.774576787223818,8.25620651149911,23.512769712177434,14.027914862331794,11.922963462470259,15.169785122239542,4.153359830803606
E06000008,10.80861216104258,14.386160234594406,16.552335245508242,4.281347030158602,12.563699867810593,10.960985573285404,6.248773786334958,1.7387138509966176,1.9496035809380465,3.228894616851923,2.0345778053338424,1.7326085524677555,1.4544268901961248,2.6338454927856527,13.427303003850152,17.83423124886457,21.33786383079523,8.722657075066099,15.838224278752472,13.410390046736683,10.945894244891196,3.5916698326728156
E06000009,17.528943586856265,5.7821075042713135,49.665490992291076,2.150584793013855,42.99819388081856,31.184458798194086,3.183967456324445,2.670633465864477,1.6917423294182892,1.6373386559317602,0.9893993981598659,2.3194730835763355,0.8273218978249605,2.2611441278836217,23.436265430955327,9.439196023912292,53.24552669093397,4.265871115609316,48.178009925016255,32.50073928434216,8.696350527170734,2.8719309950610623
E06000010,26.798029382333414,3.514955729375068,2.7274478308118284,61.10069314987385,63.32633170886387,10.974383854886762,10.194604763739601,2.067239735458685,1.8213292086278352,1.1599248359838121,2.9926578992382273,2.929967789577698,2.6315304265436192,2.051694541975375,31.53804662730947,7.376502286318356,5.177774462234119,66.71723669215324,69.04805559285958,15.455391728932735,14.573824108328918,3.533053305045799
E06000011,26.71597256116424,17.625703655249865,15.231044545604874,60.402933580340125,51.85615773714491,25.02325675583082,18.251560354686514,7.307210860352141,10.75507383801939,11.484179832953597,17.94655468515672,14.317035823114205,13.489571127875283,10.222316408375445,43.23306469708407,39.40587044286554,40.26335907157401,94.8293284271164,92.29864300183227,52.54883099567401,36.31776904196843,21.998172184274164
E06000012,3.7449353153944895,25.876900843019282,28.488781187894194,72.31512694454484,78.6797688099527,25.631339674233836,7.141957462521906,2.252400138499711,3.1067035119892354,3.4429499956760465,3.240206052280112,2.904805939579867,3.6112473354999755,2.2773722851733624,10.182509435606354,30.536876856607453,33.64740829076457,77.40932714691559,82.64260054676156,31.483760311366556,11.54772358007283,4.1138596513671315
E06000013,7.292312768777683,22.001697568986,17.85340508740716,37.98155580093369,45.58664593823913,11.071413335848286,28.5489826268945,5.741535483387124,6.643588048871117,5.228084714440749,8.594878387093292,7.920400587288695,5.8403984857204625,7.16136590775696,22.454112939845192,32.55718740257636,31.27262248346128,61.58386644973804,68.07923740539533,26.353406897410075,43.01074315655528,9.919752055873555
E06000014,35.365025646866435,36.5084015567352,32.35397192670319,47.75585072433574,31.20146126844481,48.43018703732772,32.82818114617922,2.152782015948253,2.5922425557792312,2.7685961966998227,3.083882579594999,2.1086453809720838,3.116451230128583,3.1458297923190983,42.03690579044647,41.01097505362045,38.802569895192775,56.90889067797859,34.974145696958445,56.69505932207327,42.00602258519511,4.003510191312547
E06000015,2.9900206305985093,3.9643775062319464,20.056269347631208,20.490240246711952,4.527561478577082,20.559998030908076,14.225372156160864,1.5763971559414918,1.7623591800986835,1.9080735160483948,2.5133605875719467,2.235570169075131,2.2327080814272255,2.2686041665559427,7.0907213929621555,7.807877593332237,24.24629489405663,25.87169131971953,9.061665062166018,25.110257789633227,19.113334863373243,3.5008510655400418
E06000016,27.166172959314572,2.9357937306588333,5.672392056729489,30.207339528085132,2.452301606512796,12.826366078151223,15.071437202464956,2.165472588131644,1.4839243050980886,2.372134194305235,2.124643492850928,1.2282596266511883,2.038004285482365,1.8648467117775596,32.07907715303273,7.43234966730416,10.377790361046738,35.71794456685597,6.151591952189265,17.121064430058706,18.10632488767107,3.144028971107827
E06000017,27.6980522117053,18.797401834973403,20.565976211049772,31.800250687140302,24.826100734059303,5.262885989539105,6.777230646068533,4.773612410717116,3.7922265230400094,3.330517069895155,5.232527607168675,3.3233287718427724,3.9577693099689943,2.680570378819698,35.781734259252815,23.246907283571346,25.369913230563682,36.643998452168255,32.79040829842756,12.092375484576458,13.432102778729643,7.405922411274381
E06000018,2.640709228914509,4.468263853246595,19.763706608704723,7.231477069075391,9.52806412156846,22.865812579407297,8.695856676644555,1.6535907310582634,2.0132136305131048,2.11710631400729,2.789298983575999,2.2179516869890046,2.9226875289902896,2.17098081491157,6.96069111662955,8.907332660573534,24.1220462941315,12.419094227246896,14.010112675633012,28.16738794832883,13.139077636802813,3.6060697741476555
E06000019,8.99909355601451,48.251707239752534,45.04232293160486,46.28919567586807,43.80920433816842,50.044033518171815,14.150902600598798,7.796267248377585,9.913630633958501,9.7847026542333,10.323988758003352,9.068775144358831,7.702960475076771,6.556906275436052,24.164693072528664,74.27096449252976,67.0165006530618,73.00809156732325,67.89284869799499,68.10689257974735,31.692274003843377,15.154845524111849
E06000020,22.099105890264923,30.241716389372613,4.735689742473103,32.51955412992991,5.2467667627162875,12.380557456878547,6.490484027815718,2.8894120160529115,2.914430239294932,2.8458817246729473,2.7370504548496113,3.865973727210175,3.8674758376471323,2.2027467354196615,33.45984274210233,41.90854191769519,11.360851644064235,43.76668667589783,14.725872608033358,23.3683300812836,12.795223340120163,5.18531018944831
E06000021,5.691019506988081,6.516271296427249,5.8412947992076525,14.777274394408058,6.1704076213192645,10.249133287969304,3.844969510859512,3.106974607711439,2.233349438793018,2.122935953428363,2.2196878723067903,1.9730134103129213,3.7832789245741867,1.560440351470813,12.81178280019697,10.573283815273335,11.173326344268954,19.95685293704869,10.582289037043578,17.188149841223257,6.8120995859430105,4.322422373723614
E06000022,10.249425524865067,13.626957959950944,11.231999721997063,51.530353200765575,14.588672363756524,16.16056218743819,17.054711060546936,4.538266985882639,3.8848367911073334,3.233200009602044,5.743567902979064,3.6648524010206183,2.9072735823591307,3.6564413925279213,17.77438182629388,21.02789964603504,17.12861456650705,68.7743489726444,20.654765454083247,26.19067297148305,25.598966490742765,6.755828623624111
E06000023,4.273315844352752,4.938830260058124,5.598269924563783,57.4571264322673,4.874282443802305,11.976545408672829,31.197202179860447,2.39395324176316,2.413433846755727,2.8071193339869276,2.213556451686866,2.529966419181952,3.0617631485091503,3.099924446229387,9.390524570341553,10.629328822528125,12.643634509200025,62.61993699194218,10.820843243473888,18.077471099006203,39.35186708308298,3.9718832618063775
E06000024,18.35742432662759,18.31226143784319,7.125207630125163,74.55638253784275,19.252137482021023,25.315884193450792,33.7005886843668,7.829401352960571,7.833243657898125,4.724994968816274,6.713225575094037,6.748236334423194,7.955814264077564,5.0377661770712425,29.437775485160255,29.380294636254103,16.554866683524164,82.77930863568658,29.00204988475658,36.46800308984713,43.0164470128398,8.785100017676656
E06000025,7.189381926335719,5.597599199731202,5.740100969141212,49.234110882056484,8.538636001986472,11.497282846928403,32.74518617876789,3.571155291461312,3.7108554499600652,3.4467313794603944,3.9989841656073506,2.607609656547103,4.170425616111667,4.222303030522964,19.288124683915203,14.35279903635676,13.486020711798895,54.28207474736667,19.65997998414648,22.073978952499644,43.436450816389666,6.506539655196286
E06000026,17.68993566865296,3.2077034216186253,3.508138849198006,44.23227461032047,6.367128340191436,75.87001739003387,13.497370535122807,2.2739003209711544,1.7672045875939868,1.6860506013516463,2.711679692241969,2.605255252013751,2.805270703078835,2.6399636010272487,22.474229362906513,7.506320048951544,7.049358152819676,48.724126286281106,11.041501573276006,83.07576821779776,18.79552165713213,3.609863022580159
E06000027,3.7433953863726837,5.889701707469802,12.161468266718419,5.683152437488763,36.220753290336866,63.621607865951134,5.04996929911274,1.9565928281897917,3.5897238216510226,2.0329278346769075,3.579458080362745,2.005322835542675,3.1500268381691163,2.524766771623399,7.281461613644867,12.69138773787048,15.967508425458643,12.488110221461405,39.67444072752706,68.86105167213604,9.072756088063077,4.017978139186923
E06000030,5.004224723278745,4.283212342370304,5.124055628014831,3.4839777093116555,21.92109664030768,35.926650740811766,29.010380221438552,2.5630163583282446,2.1242512446070356,2.588807382643941,1.6907895764829577,2.6139325717993818,2.5515393815829914,2.5635942009090815,11.556590630345191,8.43862579959743,11.626262522994306,7.90039019821368,30.61474254634236,40.36125055069595,33.635746068128924,3.7166110282212057
E06000031,4.393250926185518,4.279355694417734,21.610924133453455,4.61463784878271,44.82010756750019,3.64367735945214,22.782214986170732,2.7350560807746387,2.7259580256931226,3.18685337181011,2.7941684050517646,3.257975617632641,2.3912728751765515,2.7931170509617878,15.07232289680035,14.96789498202778,26.644242828015294,14.86590102692101,49.93758701740859,13.127016835191922,26.3468155492088,4.469323765603439
E06000032,17.276897720046318,13.234394714458464,23.2743074722074,7.863459497163201,5.444416466121114,20.811810417738585,2.4156562581725067,1.9468637165185128,1.186578234118637,1.1348544358358694,1.9960057558797872,2.1311394066519274,1.4130883281666382,1.138884747239078,21.284344803979113,16.082837990574866,25.896782876559467,12.359865595740958,9.939006375588102,23.698693704178243,4.830257503672145,2.5963914251244136
E06000033,1.9235181648414141,3.2085259993815707,11.244922502223572,8.284650998010429,19.98749600786605,29.741537707874723,3.425845051529027,0.8904853410745414,1.5971665315452148,3.2052918622911375,3.1841871317191073,1.1035526725335671,2.3602485387767715,2.3688173224796985,4.222426558988445,6.390553475837126,17.917208342452728,14.931267530871457,22.212309654395252,34.40428432650031,9.157329045920257,3.332239048142164
E06000034,4.198788936382871,11.35976208678866,5.564147953833058,13.344926721934348,13.380110134308902,12.829733081529467,14.792600123445723,2.0478828736041237,3.178657953766305,2.924837537980847,2.0040770315701653,2.923497849406048,2.8065188959731864,2.067990747199883,8.54164436027722,18.14072748119733,10.318564669719207,17.738059853376225,17.640559649754113,18.70711568887289,20.78813171568629,4.837429933874956
E06000035,10.537168895951739,4.312544990635533,5.920024247715943,21.67398748671249,3.4413338501322883,13.087468086535132,18.50388265631045,2.1121597469867406,2.3715823063518897,2.9196644563427063,2.716173524832058,2.053328217924538,3.083111069246805,2.5549516338825926,15.819855021365257,12.686167855574194,17.46770407566857,26.365740280219917,11.818445901882823,26.37656851749917,22.704220240481472,4.187716478288254
E06000036,3.6583729791980897,12.525557396173943,11.00635689875118,8.971888042568022,5.600029852097748,23.733058374195878,4.882417841365886,1.8847144212860916,1.4383659485536204,2.0693619993545784,2.195875664447246,1.6192376932570038,1.5665471414680405,2.435693893602297,7.966753611669473,15.753107148505832,15.17152011669962,13.911779301024747,11.773405772894039,25.98177203378233,9.798004686123575,3.672038833856355
E06000037,10.155227517190317,14.724850133129106,14.931753765837513,14.13787479290337,27.583577621994415,8.937198810542242,13.093327391998352,7.101174801161669,7.577911587175965,8.429853783743383,7.404475251261571,8.166505882360433,3.638101189966528,4.812775418813266,20.878526701844194,24.983347381039383,30.353211681920364,25.22562996477332,39.950738528807435,17.254079209281574,21.977716906745886,10.744918518040384
E06000038,15.994483632331068,3.5078845290900653,3.794289294303195,5.328911959742567,11.370968363573787,15.23035447269495,13.843485187045264,1.9569898934157466,1.496162239293202,1.791942006172231,1.9880764730171052,1.9916463470287882,1.6439653358585604,1.9648497508278944,20.19879023075747,6.55848288890888,6.579049138814329,8.635594260966178,15.750317862153011,19.035708945114667,18.332925467487648,2.6221481664801476
E06000039,9.50596026667453,2.54013268437254,21.957219240204115,12.922843985768148,8.041994488317552,10.285721981659126,15.717577929882994,2.250641311483586,1.435102292327789,1.020944784960144,1.3823942645421907,1.2488233914562066,2.3288165843583366,1.1302112010614482,13.114464477901345,6.86017464535712,23.779235844875668,15.505565193482022,10.395912625151249,14.383343098389474,17.864951013935258,2.9028893337114074
E06000040,10.059296025733232,8.059420022742318,19.189875750951902,13.853492438829463,8.682284984209561,17.463149997298704,11.277944214868146,1.862073257516236,2.749038034248733,3.3674853928314192,2.6545641483836744,2.580097647875683,3.8371433731286992,2.170886834565782,14.663260578998807,15.21303441870907,22.80469738100435,18.133405612878747,13.216492749372367,25.302266785908863,17.161422761980834,6.3122792687864075
E06000041,9.811985114942273,9.665216032188093,10.273525102294467,11.148545045995634,5.373496391236983,19.09561441053723,7.850921834074493,2.6993644400887797,2.949313510186345,2.528144864592231,1.7269403996975505,2.6710584363355716,3.046574677022694,2.584347219187414,15.978116949865285,15.299703288950079,14.915661080833205,14.42795870699233,10.582024000595093,25.31675380197538,13.88343913112205,4.550908220272852
E06000042,4.785785145076501,5.13718967684371,21.322732992665934,5.789675094518524,6.102199791213659,12.78498925212574,14.827271628321608,2.690631611169154,2.4660242126303005,3.048863672066074,3.6455925309457546,3.3462941323746267,2.89716117561453,3.1215771620837707,14.473688678246905,13.692247562381844,25.94671609731748,20.1942710172204,19.952965543250713,19.09923830881107,20.409885097050395,5.128539552628319
E06000043,17.470250792130926,18.49856089036838,27.33923198872703,39.2178346411858,18.439323078200463,29.44545149053559,3.3982816737609842,1.9429560768948722,2.5903706589456648,2.029032878920723,1.3761336191894717,2.558674849820282,1.3907783171398338,1.712553752304361,20.446413225024028,22.7999820045553,34.1878066382571,41.47832155656801,23.797099009583253,31.880989911018478,6.8885152002745285,3.219536253594995
E06000044,8.66060047917144,2.917782800357415,3.0834818660882117,9.111944006522958,25.294479194857445,16.734179446195473,8.889089660689093,1.9873629205769952,1.1174524115866555,1.9490172665891727,0.9261859799060077,1.6576947421048343,1.4619886275877991,2.2758012198130326,11.74329109781534,5.13290388345906,7.866422709678873,10.971583028014503,28.928896561434456,19.85242407507052,12.210452725875072,2.6826973859744716
E06000045,3.6308934122596437,7.88890672488936,27.8029759325317,17.26076838864476,12.012725512880852,8.886831970889432,4.717589310251338,1.5955184609334205,1.4049803468763207,2.6771568722531653,2.622821670362782,1.4441966761891303,2.2956862965112235,2.4584795583728076,7.088973953638635,10.739047121986001,32.63777849695866,22.031690898461175,14.849915413157824,13.016970016681524,9.51830171877439,3.0199840690901776
E06000046,18.527692216481586,18.133715457830725,18.841519207345137,16.34668159530087,12.912858655469043,22.126454959718508,23.535904452895416,4.793137054687001,5.236097025509206,6.455144695608386,5.520587868966319,5.848603242863036,5.152353119667608,5.045669409785245,29.6232118179184,29.739982749693457,36.62257436568385,28.56114678390978,24.611814137345018,32.91327975577733,35.59400549726965,8.845023841994424
E06000047,6.012857181805531,11.1308094835504,17.875688215103086,121.02529369523272,19.009450329188912,14.126848263430638,13.643404397592878,3.913042666129694,6.042048640431925,9.087284234429026,9.730887556626866,8.967508672551261,6.865064871733418,6.298859080301144,26.84004911596532,36.75737422618029,48.62570406671576,137.24205601765428,49.99823593272273,42.83284215339063,28.19353164911545,14.220113281598636
E06000049,16.898163102543773,13.196498415507058,14.550787792004856,13.268811985059523,15.722097291411158,15.075018017380401,11.803693065195416,7.488039257248703,5.929495398687916,3.793750736633335,3.366496471355629,3.6243376649388863,4.999289106916704,6.1500527285078865,26.32616535193436,28.724169498334465,25.623413633118474,22.115235496291454,25.324534404317937,25.050646425734943,27.51218940974904,14.654494259230063
E06000050,8.597893786910339,6.565177388886584,12.619268972616178,18.45246142413624,11.78847149197818,10.912615695227176,15.855357763034505,7.418266235958869,4.83900005396649,6.6221163975838175,9.472460210609109,7.0213843221676955,4.6329096777738314,4.030525158111278,23.861956943708616,29.515668709142254,29.643036047710055,37.661693759353,29.9536492700601,21.9708464332362,28.999335776623322,13.096742531661901
E06000051,31.64457846931682,41.46705336574127,25.494628576806022,42.945335745009764,25.958032543002677,28.964344036267324,11.627138155746179,10.489241682550198,11.110199180082812,10.60607661595027,11.51329534581895,11.676844152692876,10.97780558995173,6.752936139560276,53.94273103010341,66.27848236924629,48.9190458661565,67.63517894038677,49.94018191373779,51.5487739386223,29.945491475170506,23.22339991123615
E06000052,62.66604708242031,58.43978086676686,14.818740085714616,102.87530345708386,66.35920158106983,30.920438401813293,41.72934739266187,28.704258762030562,27.788726232006372,9.528038143592704,28.690642161852043,26.835937219812497,21.35399984827811,24.00286367289316,120.26700566211909,114.481832019091,45.00224154068912,159.6472793230922,120.83559842376489,83.31306872721926,95.18330314297647,32.78884195706078
E06000053,169.33018388640428,163.7916786936635,85.4317204213946,208.9372286438142,170.1123669006199,90.42046817087449,144.2619746771127,,,,,,,,169.33018388640428,163.7916786936635,85.4317204213946,208.9372286438142,170.1123669006199,90.42046817087449,144.2619746771127,0.0
E06000054,15.512140167466484,16.32270684253221,30.574966833480147,30.143330586701865,19.864336838850736,20.99852630046486,22.12618154577556,8.086103144902902,8.859448902080535,12.686589432175245,11.173301485773502,9.391170953084528,10.750930458226993,8.761216664776265,28.97328253003899,47.01624808737525,55.26581920721872,59.83576271695584,36.73212654275266,45.188590335667,41.19087313284464,22.40145621407022
E06000055,4.517919895123981,17.214647518858868,4.001604455741933,24.96725642304811,24.825617637094012,30.39402920208002,6.9496624356697145,3.221846903924014,2.3382343418647995,3.3639196745456226,3.3574696871410152,3.169559175409204,2.50474327735135,2.8415788924819028,16.3470227125612,21.354203615000884,17.844032015443222,36.563095397865446,37.65945291591449,34.986913516390885,17.0464590149084,4.929951464288182
E06000056,13.524275866533252,11.142420337733089,17.699666722569688,14.174738393391994,12.315861133279533,20.896346489719924,7.116107267485573,4.42651323308689,4.857495717666927,4.517370622771885,10.110904655707502,7.306796967134066,8.549195006690146,4.184020749168107,20.966441535743126,20.685667161402414,24.838766527215977,34.23856150768671,28.804271227713798,35.179955357708415,16.988437924245694,13.48677733985086
E06000057,11.388047367842189,23.05991857199348,28.242092957166008,163.8990151058781,18.226422775770246,40.892937533636164,24.10554157508082,10.20834583404148,18.236479702438398,20.190373130300642,20.840316795736477,18.071994940150514,20.784163135981558,20.202998808981413,45.17915752196744,82.90936588197665,94.02051699707397,221.13357210411192,72.60974987853255,106.4830548956118,88.81060709739049,26.410817051474524
E06000058,3.0897343629432075,45.29475435760212,53.31826533507045,49.04068557541548,3.7725668062629,26.310552540065583,25.923725296794064,1.58430455993288,5.049224013117823,2.9797320474840845,5.2693795129297305,2.5046156716346224,4.535063837591877,4.549355283369285,9.25443655219391,55.29480280591167,57.97704622294261,59.14386839734663,12.41946815192118,35.68541682086202,35.31776540239008,5.621459395048046
E06000059,10.25881810005784,59.24415536254758,37.38344519030653,62.49568647816607,20.846180788012486,30.293190960109595,38.39359690704597,7.720793268504702,13.660006639377672,13.132905858959823,10.886529394540736,12.378798378552817,11.81088168727751,13.326209816266164,34.183214829337984,80.306584199925,60.058658265460295,81.59737460479761,50.660153929433264,54.45209932554029,65.19900666322074,24.09132310792702
E06000060,18.45558689841282,15.51314774201696,14.656442473335298,11.93386038923323,6.1284956183663315,15.057696658678044,11.460399368846055,5.448579334708726,5.233184929072819,5.33117428879027,6.3692389460982195,3.5421993294594274,6.38449379676259,6.351067505017988,27.003938959543454,29.466452217545257,26.168958795061226,31.82552761648487,22.205072475226338,25.70359578639373,28.455117880682383,16.13754362647574
E06000061,6.607804897703129,10.384886463566435,27.84699037356861,35.60723265565602,33.417716627262664,26.383088361411644,17.094576668657226,4.622817525825644,5.5264360368619005,4.731862596157469,5.049233265415328,4.538379771982652,4.957890604167635,4.250597044568885,20.51420579239393,20.63468248583988,37.076481104260935,44.82241631827742,46.486272119335716,34.265757756739056,26.295352349952267,10.542266375335375
E06000062,8.981766017566365,8.130523955206568,24.744749322050755,26.970333303053277,26.00994027749051,17.711395024112278,8.018733355816778,6.751613840374491,6.103173395252604,5.9469461116314815,6.7441424662595475,5.433881376000094,5.34699849074256,8.207618233562563,23.993905701732217,25.661896473317437,31.062232283622382,49.041579087069515,35.906057453074595,30.796260127982343,27.84315167259013,11.859597240342227
E08000001,4.1982904733134445,6.593162086930245,5.38321936161837,4.41611153430843,4.8829665524590835,12.074730339473929,4.064140853805538,2.02280306402699,2.299182676346681,2.991829413261135,1.9244435166909195,2.3585851350259355,2.0850737180848578,2.0543616784704457,10.326217511386893,9.878815073996012,13.274454064339388,8.194362773225427,10.681065511890143,15.156603583721724,9.519368688338389,4.292975100588446
E08000002,6.775803538690914,5.069682867305419,4.984757414443555,11.298409069322863,4.217152888544068,8.869810271300492,3.5720658511285555,0.9604123453886454,1.6594962192908762,1.432270422639034,1.622374083842531,1.8328412127760996,3.464280852513149,2.036236782557454,8.794366420477738,8.51808508979455,8.45286685978459,14.794844348282329,8.881242866744655,14.87314278902334,7.4052139055506645,4.187562749826145
E08000003,5.977953191770216,3.9647691864484154,3.2694218375087476,10.219090278562462,3.6729726013285395,13.167364554251487,3.8619183942231827,2.2641976471887615,1.8335184349404312,1.613791989049411,2.124123931147955,1.5930343706020027,1.7027537246796072,1.8261376101416598,10.119683794908994,7.1191797480991825,6.931805162081691,14.534772768248475,6.678842950525112,15.956654836504145,8.390643451090462,5.082627516527195
E08000004,4.6166712401502945,2.778707208142933,7.467791658454876,9.321510596978957,4.417205558324179,7.333530520775814,4.827755351391322,1.4300101703422985,1.7068171805328964,1.9363864758073923,1.5837654646530093,2.5530309857403943,2.3166539039708343,1.4401011179392058,9.759873695406617,8.400414755069606,13.508133559292888,11.950957646438074,11.10930303534785,11.097820132087751,8.868877411432237,3.536266596603352
E08000005,5.425283881222426,5.295764247711104,8.938176918650198,5.0170039291615955,8.06342466940858,9.804853056190655,3.816809902186294,2.813745764856477,3.031276418962386,3.801739076816402,3.151729766764445,3.1910209468721873,1.9229942819317618,2.2219197343086377,12.912753388755391,13.350583078188544,17.37883202088124,11.296084662038588,14.919026746253486,13.05398903957796,8.139124494630371,4.359583185182678
E08000006,6.547748492318184,4.094649492261643,7.490380455717011,11.816035117342944,5.177656383183947,11.169796521189804,5.526444875057695,2.256498422771236,1.7516786611344868,2.0588911131620895,2.8744329039598124,1.8371712049823943,3.03755106931971,2.001873940550031,9.756346299093689,7.602898467570986,11.778408795183333,16.35883233501285,10.448693216714734,15.832661626316467,10.519707598677057,4.578056041180423
E08000007,2.7080369956205725,4.37797691398394,5.766024115044242,4.176088822180186,7.71083375216777,16.26203892932703,2.890179916311514,1.3451941953929376,1.882409101127345,2.2659836057120737,1.8679816128860465,2.5936747795207533,1.7691557637140576,1.2560869746671564,5.975718527090316,8.177497148030643,11.86912555375547,8.312473659312268,14.611760270025304,19.91467445317509,5.16515491869225,3.959874195885668
E08000008,2.7600235164185944,6.220142021371663,3.090636059243966,5.515607375284284,6.264108975048445,8.632640191329553,2.313169253931013,1.4549780238867818,1.7786507794007087,1.3074353650224273,2.0915718389015527,2.1562340401784086,2.5723727993082317,1.2196235792925565,5.996747518705515,10.633863550472228,6.910015690487244,10.172854585512676,11.450197726661145,12.995335783846613,6.030357215587144,3.4812923997629883
E08000009,3.4408147255696013,4.013150335887303,6.196625989092941,14.33935429076589,4.734146446310511,7.077850687019326,6.89083620516355,1.9157204645732302,1.703461056154827,2.172097446301429,1.442696602053332,2.530882204925729,2.3099714095556836,2.5730853920694527,8.510584602962222,8.530668297655957,10.998447105951831,18.295888389855357,10.168775008331053,12.453973554965291,12.303360212984192,3.906510361733186
E08000010,6.63327717259422,4.4722601601175755,13.815646682138105,10.348672220157093,5.319229142816584,11.550264327451362,4.891865424558751,2.71216314135723,2.0045032339919158,3.3913729962918047,3.1066964381199145,2.0882853656709477,2.1975030616918065,2.3716094995037262,11.496301189720404,8.442066380862405,21.64218103781267,16.502524331494886,9.839917262595302,16.208315860527232,9.81396637287961,5.88993655438366
E08000011,5.431988591030898,4.175388368748578,15.026105686334096,28.83906373539066,8.465403866342786,14.635626411061104,9.607036881728186,2.5580645020486346,2.31690281487647,4.347113648902664,1.4520908888016157,3.1555149540022485,4.337008418939852,1.709115507319535,8.83805922728086,8.289985479347392,23.134005306139635,32.22198289910125,15.093222230820423,22.732663198501324,12.581462441811139,4.8947808964459885
E08000012,3.0659172495498512,3.4645003813186164,17.13371039894167,33.510096862428426,5.7571350377465915,16.779817732175434,9.756453543584264,2.0223432517761437,1.5131450055133435,3.3563031580168667,2.511828308764242,2.6695786247677797,3.3419445697799963,2.1857309339404325,9.278275949847576,6.2645712932348765,23.08003574769201,38.74468721350913,11.652924346360777,22.696889014865913,13.721110832168476,4.2628511005628456
E08000013,5.7074058529597,4.6492515879497365,12.668505251241205,20.669943500761228,6.765711212642184,14.098888625988096,5.210959711595093,2.1682263727389106,1.9669048337863975,2.7159697759821935,2.969192533054543,1.7027303695368652,2.1967135851207256,2.1182957485270157,8.738166815446954,8.213892037501191,20.334617597840797,26.04732927659361,10.037473246679745,18.79140828131571,9.389238774516146,3.9788593501259526
E08000014,2.87887452062973,7.845287587785397,30.86885783762532,29.217155701905515,17.551583168125568,25.047448934246457,7.76164907166233,1.444029449454253,6.118319410077717,6.615618004097337,7.36251429977456,6.814838626382683,2.3601483246826516,5.661270508908171,6.789606447192682,19.29983366848119,41.210854235772736,37.874767724524624,28.44415553753899,31.228500358932724,17.152564905468683,8.641196118711422
E08000015,2.6599034229179725,3.389004696726404,23.880341873569403,40.49003942313301,4.374407624464596,23.541607905998017,12.624187804468923,1.780633508593813,1.988228763880056,3.5995739750719573,3.687133747229901,1.7303689598046426,3.6112054758264915,3.251206204176824,7.613993997601336,8.243568445609576,31.77212543548738,47.93578734640449,8.596604784393026,31.503663850199136,19.49774095803869,4.934964603431756
E08000016,12.771734060729361,5.309271696674963,14.05856928952182,15.392747779331346,17.51516071940974,9.425482459829766,13.795334991424182,2.6604371660272177,2.8917836986593013,3.643316022792138,2.91354698810637,2.1208351914567,4.452571635648442,3.9758754121217543,18.02668058777816,11.58732354460849,22.89870265184765,20.896836863459033,21.58729805356285,21.47627075853094,22.113866215894074,6.017419479389477
E08000017,10.070672414873977,18.526751801754475,5.161346238206911,7.565962441803529,16.580622191161066,14.883036056643386,26.52946974640338,4.364141592539753,5.13773277363074,2.8439240917391753,4.0613921284790795,3.8953620020145743,4.99759889447152,3.8405663641046925,19.277481525440386,33.66673030204511,12.239555952586713,18.896998488316505,25.73997574376675,26.671098899097316,35.764634103712496,7.409893378784382
E08000018,16.676734562842174,9.329454213654314,5.11354790911613,16.231301644406475,7.459015104264685,10.962570554151883,14.52208043731458,2.829561286692933,3.820853497410387,2.709144889368744,3.4465484048972677,3.2828337445417786,2.6586821895541903,3.228252920392355,22.21912078129646,15.05684480446637,12.335339715489123,25.015300295609638,15.380998908567607,17.275274574800775,20.148574810075605,6.307906535904796
E08000019,7.122709189216443,11.978049452890957,4.9669315004214045,25.91231621751633,8.702903386311164,5.299013128503441,6.3993039338631155,3.395323722299842,2.884740185242706,2.572244510991275,3.06865359194677,3.630737608468053,3.0685703404068927,3.559760851573766,15.57150432912228,17.298948688648494,16.04361235623865,34.39858802197592,18.984448397124403,15.676588005815217,17.423010523248198,5.678654779206943
E08000021,2.608176619630901,4.152782526982559,5.600720901297576,146.69404523667322,6.400891414170531,18.54530564935843,9.351402978062076,1.2316347561963576,1.6000635209322447,2.8876922066049753,1.8797523806009413,2.1165248096787628,3.0814780312344774,2.5540789842929352,6.5569759639886955,8.17675355526871,12.138842980652626,153.4569553493017,13.116212324087176,25.34261676553828,16.150516510877793,3.7912799346148796
E08000022,2.081725038313086,6.880814358589612,6.365341628424823,150.46976552943843,2.627799056996102,16.411067840961028,4.022217878072912,1.0763192137987316,1.8572193269803754,2.3461021977727867,2.0374583337487278,1.2405692504190924,2.431542391242693,1.4241279209271505,5.381359675135044,10.650617828656305,10.547887180798103,154.72270142479198,5.013331980280211,23.21703541428988,7.47893930008206,3.9526041665588503
E08000023,4.92619912039403,2.772914926609249,6.543058641277039,144.9370035025557,7.337886887243888,9.696307072366492,8.931689816009143,1.0698174024531124,1.434416681919581,2.2267230111144767,1.5641943044104705,1.2091267227598763,1.5535807781564388,1.6205534563167268,7.51374119236194,5.536017271802879,10.184686787711764,148.52868475121707,11.339391502122771,12.70315686586073,13.675593342769876,2.9532316842330095
E08000024,3.075308284020321,8.632489382679159,3.8521110807358085,136.1434805146818,5.767240446115849,4.571619417839171,16.671323470921585,1.6094136087987239,3.013971601555721,1.836187721736515,3.248966793167838,2.6519431669520412,2.527609767797413,2.1791053250252563,6.808083483648343,16.92675005377881,7.640955386828778,142.1622358107872,10.836791360051668,9.688324336933944,21.411041303431812,4.762945579817886
E08000025,3.4256863618139204,5.968876795695687,4.805855107681537,6.2004459907792535,4.1532335606752016,12.477687685629853,4.3280973803410125,1.5552108687155153,2.2915021237215716,2.576952666446547,2.2512413959468565,2.080594158888896,2.759294039691632,2.3529682467476607,6.622782565195047,10.93139831884999,12.395398474218815,11.109239605127344,9.828529575795923,18.91243615496087,11.575058754455636,6.7307126004959335
E08000026,4.544376386853627,6.422327360947907,15.799699656399614,18.88339539427393,17.438950188900712,11.67394942984432,12.380797680597865,1.8665818686876456,2.0581168817334605,1.5004697929919946,2.401853944903019,2.3826284243157625,2.173520318074238,1.978154187475096,8.36072097643303,10.547606739658388,18.55273271822174,23.748919014241157,22.688090844653544,16.467654139472216,16.563821043758775,3.392704320652551
E08000027,7.446293870421518,7.775076501453242,9.931600785113995,5.735680945056693,5.886064461498552,8.243339209935316,15.392982054288087,2.431787496889164,3.3084557030111625,3.229508761571067,2.008598127656773,2.8832929148052813,3.188441335375096,2.310449455553328,12.660138491594145,13.25691365500514,15.93608407878986,9.378855737264743,11.339340622975572,15.235491278107746,19.897892985765363,4.39854140332902
E08000028,6.176136537419355,6.800565417029725,7.4303449186131525,4.437202183699215,4.822733006137561,13.02913625481065,10.08775633072093,2.0930184604586897,2.2488931783425437,1.917695132246387,1.7660531316406873,1.5275763375250377,3.1510285690394695,2.4079333363556663,9.607447568996493,10.01786402473984,12.357127687734156,8.315917004665557,8.38097388760752,18.970700698548274,14.837174179662822,4.107379353040102
E08000029,5.918843571780182,4.834521467519859,3.555613392633618,3.759823082084901,10.419236119043333,7.895756845801251,6.511658166457447,2.9819363462579873,2.113658404175643,2.6945400622708524,2.8318127033334437,3.1216253619688477,2.0918173955935706,3.54833196826836,11.953897309222011,8.25831501473471,13.031963791125815,13.669344095354768,21.22860825644513,12.843354811445796,15.13092379163952,5.553207562469604
E08000030,5.393259457375989,3.1088249574031823,4.356854718716828,3.211495481686533,7.232870674873196,15.457939520367027,11.828337003469711,2.5125564764071964,1.5005724264760247,2.577020851485629,1.746429058345732,2.149583564152435,2.6347723023069443,1.9402129641984738,9.279549865475927,6.6957898030364795,10.165969310878097,7.089451017765356,11.941352725627766,19.063010223206444,14.772565409587616,4.178964592830297
E08000031,4.1167740051384865,5.3423864126245695,3.8488659794567064,7.497695367768404,2.353891934110844,16.075798405155997,11.775523281952724,2.118885701572385,2.1501682606042025,1.737995335289577,2.2430874318668077,1.077692187111052,1.6893713711419107,2.3307003031745444,8.923225449662068,9.417777602975773,7.349402298369845,12.159661270540413,5.288688848273767,19.24746313854076,16.19670849709742,3.3771952377084133
E08000032,2.785691116468076,17.487143992877414,42.412315834142134,19.23348213286888,5.617389001898412,31.91851020072817,5.713156038398402,2.0776807558930352,3.172263223620139,3.674157491090997,5.687288086022034,2.6276218100540065,3.5617808847612897,4.023726467144942,9.832638309184038,27.2251443407802,53.11815171727416,34.24220803025241,12.67653262632408,39.254518329273246,17.68893252750053,6.619526028029446
E08000033,9.373582795856409,20.46016675149206,29.865105743492347,14.308411285201224,10.531964583052952,21.502116627535802,5.020193024792246,3.565405664152816,2.8791548606981365,3.4012269683454988,2.993643683075382,3.156394429426213,3.8801614013663763,2.8153126674351765,19.205182780187805,25.774456709974164,36.53546468100481,19.62241168313216,16.73527132954139,28.386807088789443,10.550048698731976,6.105057254663009
E08000034,4.6660111086969245,11.080843533410658,29.60436721855766,7.917084652209112,7.165805741194556,22.545614512897668,9.934082111874625,2.2692223898026915,3.091262541753432,4.867746009419017,4.113271582980099,3.6922603289968046,5.141310937633357,2.5638856675967454,11.545750584621363,17.509799243666254,39.62051775329306,17.011830829472363,17.18790269362295,32.50382786606226,17.08686980763254,7.239028557141113
E08000035,6.414672510578826,8.090937837796117,36.02300162376072,17.423639943422266,14.541696486889077,32.600299330033664,11.203568569504725,3.2388842461820184,4.069321044035846,5.4188230755507245,4.994433009339036,4.113975856156296,4.83401666969792,3.6872005126068985,20.17375913338906,21.737360663194323,51.340378287361716,34.18783938124238,29.08287146541387,43.621541718579,24.05257151240144,7.478804500368433
E08000036,5.212825580515873,10.777447281746092,19.812359866906966,13.378542999447998,8.701730419691101,16.42292879347167,5.438738103770822,2.3177748693623004,3.320303620028803,5.700847479256982,5.187669786546732,3.908992456700428,4.653771146781674,3.7992956161761193,11.583493177474292,20.35203726150942,29.52340981453535,23.15249509623915,15.793224471880103,23.61098619605283,16.09123269242941,7.80800412148229
E08000037,3.023824787706096,2.946101988564597,4.614681696167662,141.17279082753475,4.957506647764835,15.676831812115822,13.46877943140628,2.0425571311385706,2.106711556362165,3.637698374462571,2.0413052210949805,3.658191259978536,4.76490753442861,3.139986092705919,8.281270782744214,10.588545804410368,14.564699271008354,144.93214901224977,14.488805155322977,26.07426389292186,23.36981025534657,5.2805526383673325
E09000001,2.372055258124766,1.9471683457623534,4.351067408992256,3.609569407923235,2.2119065937546685,5.933781217261131,4.014987261922237,0.23216555981198472,0.412498227234651,0.607364630649079,0.5201643613122011,0.5733791470601944,0.3192174394537923,0.6904473493326925,2.7417938109215196,2.403091704013442,5.076627205653075,4.325114002064107,3.070158586987348,6.382451765771605,4.586845637164717,0.7367504868518058
E09000002,1.9155671456929224,2.674598452096294,2.7283309935139117,12.722779234774427,3.1438422760859006,2.1572289280671795,11.873101568310927,0.8679422051952317,1.043827842259814,1.492250383688301,0.9629412959124807,1.3511585106808235,1.2585279273870202,1.8806396575544146,3.9565289141068476,4.851277355232115,5.911385269707853,14.833592913349175,5.743912278282606,6.07347563742256,16.114419970863768,2.405744733714928
E09000003,3.3768507331302158,8.083922609324278,15.639479452047617,5.82944472218869,4.929113869362686,7.108201329646151,4.657133016394392,1.9760526262613527,2.023232642253878,2.3317102794910567,2.6028701220552555,2.045097779676078,1.8937469970453586,1.8405114464371017,8.336232577284443,12.4538131688096,20.92518459369401,11.164391532685526,8.825203906416451,10.634079586386788,8.693122792485678,3.739251107904312
E09000004,1.7233231544978818,2.314512990608254,3.6906723688072343,4.378717407029513,5.839098272255566,7.71775317754654,5.86110737563418,0.7693317713434715,1.1529034011821255,1.5656781125852053,2.0518861929420877,1.4916450173440854,1.6904593651227455,1.5777496490325849,3.823549171810122,4.952679742484275,6.802747563822262,9.118946566550374,9.581266578994585,10.859575554580308,9.210197700287766,3.029643640523335
E09000005,1.9374642724845204,6.953627455580994,16.493952691135366,3.178164458121457,4.021258118193046,5.518442010897686,3.0444755570580493,0.6477168304618257,1.4975349531892912,2.51844371307564,1.2095658155466842,2.2690560067702688,1.8010814145315346,1.0726210927005144,3.3208760485064164,9.519430093376146,21.15526088128319,6.124080885409912,7.945606750547378,9.798260915517758,5.04843713883197,2.9849028853984096
E09000006,3.799761619195323,5.3977883112491565,11.852887815345387,4.445134658152551,5.887214772720575,4.945398755569153,3.5348607920329433,1.3389541735611041,2.238970963801666,2.566062817227232,1.7673965771731033,2.675075018618936,1.7505999538925578,1.80063257166874,6.855405513852482,9.79741774908515,19.517053175934972,9.007182655225792,12.733520857437085,7.620684219565442,8.553136489246821,4.817670755931362
E09000007,2.0963682574616125,1.996695383100048,9.080695532445997,4.0670111372905415,1.8093488856809272,4.640737262633397,2.2613029005582876,0.7123760818165595,1.0012849338336363,1.8422751210650057,0.9923923713366581,0.644212829569759,1.0339647339419558,1.3402434748768153,3.5157012520550537,4.464830734786349,12.845925032884686,5.959047375665901,3.2779698599232665,6.8508718712648005,5.308326019118376,2.1586479626787836
E09000008,3.2301071610630387,6.535918051227209,17.50515853986571,6.63955351933492,3.5955722791199993,5.42479446621053,8.923920514892075,1.077472687371773,1.8819213033819666,3.138167908696117,2.218815426381865,1.6857913394564839,1.2753660940207645,1.8808968858758004,5.611677398504645,10.35848948158443,25.741429383868237,12.163390467285469,7.946767383793898,8.402169794605411,12.666906227956972,3.9230880271882635
E09000009,1.8828450298728259,4.684065097463313,20.730358424615236,5.891492956716758,4.891750791582553,2.77087850938867,2.996031445149302,0.8613506069818879,2.4024621017890126,2.8095293548423133,1.8206571991447957,1.849565371995171,1.6302623506662195,1.4631187240265278,3.709899869700304,9.304457489766566,25.448710968358878,9.134263677728129,8.87073228826631,6.669302928776343,6.482414863560663,3.3730677480201163
E09000010,3.3811243535831617,8.797273802782392,13.526588078002039,10.372393238869465,5.246341062598276,7.587745012597109,9.8084026913791,1.6711587668831005,1.8071495565891276,2.049003727197978,2.2607953732200565,1.9635576625317943,2.077323670795058,1.6326581633450954,8.219497209289516,13.81996994895139,18.640550495136104,15.168533878192344,9.131514323706364,11.92139974585545,12.738094132826888,3.106859956084527
E09000011,2.651893988987714,4.396973297002183,6.804838149033774,7.37564102560655,3.7751755046386037,6.322633565471147,3.4940786948673987,1.3325835949501539,0.927432620025595,1.2974348480105447,1.69402130874562,1.4886917529609236,1.5617346148078322,1.6944769190839153,5.256236972384844,6.196936527173277,9.600092915890063,10.450699890067487,6.015973581176951,9.295610920420385,7.8858249279545936,3.2141410429251254
E09000012,1.795931858079547,3.9920884622196,4.278148012650357,2.689721433993909,2.5285459697973147,2.220599534098312,6.3793392997153,0.7126078652139588,0.6827588257132438,1.2962607732821678,0.853236729872138,0.8815362547300157,1.0759544371233922,0.9678030821846515,3.6325873211632205,5.363803964583171,7.015548283759169,4.872693633738557,4.378101369637877,4.838846297545257,8.378659894151543,1.859197638495709
E09000013,2.5798405375877995,7.604004506110526,13.597548313827733,9.175978094052988,1.313566611684732,2.2184667469194816,2.8606533739695656,1.4116710340321001,0.6431414637650714,0.8368082254758106,1.5351794348252727,0.7498433444009075,0.9163782231208749,1.3545641034079363,4.814362961899976,9.046367678847322,15.579181185512606,11.793570078411541,3.193546611193762,3.7481961120915224,5.5223710140002025,1.9524413644482428
E09000014,3.0384711851447914,5.25405982187833,9.082502063470937,4.9465887024704305,4.8136981620017885,2.4922275538685823,6.778938411839964,1.3354461607848667,0.9905790588771383,1.269247580258167,1.096886599544155,0.9783716891399581,1.0658043064052258,1.6793426125603574,5.930766408614282,7.532037359040131,12.133383692818116,6.951843148945631,7.222630554762482,4.870313504318853,10.175157007928084,2.1823640825714135
E09000015,3.104458999230423,6.037465134943028,21.34257188584972,3.368862660529451,6.072810359461192,9.349403235205699,4.886776075045165,1.5477636555475798,1.2071501976776762,1.2067651162378026,1.6134969256118263,1.4809005895518683,1.26986349509215,1.939202150900843,7.35809626417648,8.701447353533991,23.587749790430824,7.072451234372056,8.369902037042301,11.227495200617945,8.791442180937372,2.8254471752780557
E09000016,3.853634714316248,4.6202598462548226,5.06871016049397,9.507048182416417,6.464424451112324,7.014498297618068,17.350377279725937,1.3970426577151724,1.826943574685543,1.6634903241514776,1.9087362446505314,2.1080994654573733,2.016272367686742,2.318423804533105,7.31248736790842,8.509762143788652,8.808735121156925,12.60429225721315,10.57808534440447,10.928033138516058,21.811260421803084,3.3899016831929676
E09000017,3.330627768349565,4.799064916412118,22.21532889070983,6.321948486237922,3.4809645431895073,4.0499594666541,9.085079195486188,2.1205474352629423,1.9184222435140441,3.0341554267488307,2.368529626162176,1.7409253011228856,2.534177685612417,2.033590558305193,9.633741874761185,9.82859976556187,27.130617798711636,11.892544328555301,7.434578963768543,10.355517773450805,15.530899186206574,4.232328539995867
E09000018,2.271797323275982,7.525482444474537,22.68977141809138,10.59145466730407,3.0237273902136086,3.9832728032465443,6.165489401156908,0.9672984567203589,1.7052501119914627,3.081293406940935,1.2396572678240052,1.15832951784053,1.8448976463673792,2.450398237663658,4.327933774254943,10.935011809244276,27.01100908208015,13.66621600651612,5.697091601410086,8.137342295224874,11.355504639973196,4.039093605559954
E09000019,1.2748440463094597,2.9696851909060267,6.322734908341377,1.7852304528338954,1.3605426420688562,3.0933180222652896,4.642928987049587,0.5827431226806987,0.7077774975862446,1.302606970493051,0.8322753246916333,0.7426449368480974,1.3822751385936758,0.8717903492374166,2.593210086631658,4.728850515862832,8.852945994539066,3.4758896088092426,3.186653170150111,5.874910118045314,6.526886035805342,1.7789384069125147
E09000020,2.1328137226562505,5.85065035012969,11.662499580052316,8.028222438170536,2.1384030214904373,3.2586532737706073,2.6308089311025675,1.0296908162516705,0.6080489370449411,0.9909037630492886,1.0377110051268148,0.7600780096100319,0.6795937994690164,1.46626696928585,3.9960476151512636,7.033152101347434,13.542944238060711,9.6781532646137,3.948473567795073,4.633159310293561,5.178592318631007,1.8770532444778953
E09000021,2.2898582613897998,8.374861961830913,22.7771010871097,4.668336791151794,6.4698720354223775,6.840973569978582,12.278656731409999,1.1519722129365206,1.3393084853690616,1.7732359651411105,2.0545748111773268,1.6618169778894698,1.1624425279956407,1.23745517022091,5.8478411208930945,10.880505006913513,26.957967709824544,9.069535022260322,10.31759594767384,9.102161075373328,14.038730153281914,2.4204920584699954
E09000022,2.0986327205232236,3.0987753047182087,9.929378522007761,9.386518869835482,4.83777856175523,4.324304532085081,6.514247323281989,0.9183974016362365,1.2398834847555174,1.9605728152617172,1.4657646972741527,0.9688166650226624,1.103413633114885,1.6324514071326202,3.881824262481258,5.505360423810497,14.39776787870564,12.056755201553278,6.758028924806616,7.092354492720405,10.632089289471041,2.614666093889809
E09000023,2.613150205942647,3.0787770666029433,8.2384672106494,7.969096478778606,2.7596073649229758,8.062619155171332,3.491527695328278,1.000623591858421,1.291276539424986,2.1105372579205057,1.3275778820847743,1.3126122379660943,0.9904685353353635,1.426053380095795,4.2073875954527615,6.825091836032773,11.696641049972664,10.39142593426519,5.405790727541509,9.8544909015368,7.031417715009913,2.623635763775709
E09000024,2.1081550754942295,3.8371959731503305,16.96126216910354,9.73908608962481,2.254010250543063,2.6241860788933833,11.567704138697762,0.8259094181126055,1.2426456786385456,1.620568300265037,1.4663392965784996,1.0996484881679958,1.3673510656282166,1.2843560365698194,4.046300722419325,6.752054161248932,20.520463902349878,12.027406656480709,4.973055693577155,5.677329424722471,14.097656281712633,2.4333845611288814
E09000025,5.30966923264766,2.231832577980992,4.777872196513532,9.232812961608573,4.251799903233675,2.0501818249127717,7.330657556505706,1.1058802858076409,0.7969568088496837,1.3159930170937562,1.3583405883544948,1.1538091443044747,0.9362905661582698,1.3965314757507616,7.200181934195897,4.104249713944569,7.540591365923933,11.508849568657645,6.3199901791402,4.741273497786653,10.570206790910063,2.1783932573906237
E09000026,6.029687384467759,2.7464986201001858,6.74026156821333,12.227417702933478,2.935198165185971,2.7756815928809897,12.970204511318794,1.8630476178067223,0.9622090816998832,1.963976637362977,1.6476256150960422,1.3780895411115623,1.160028502684644,1.693280082985188,9.189712925855638,4.866513914146938,11.701763534125247,15.265911493436596,5.5891298805473,5.835429122593308,17.892141928835606,2.9282376680921116
E09000027,2.662984556878088,10.137049284511166,21.568605302179275,10.027733360291688,2.686194591098382,4.920476122039531,7.441085738525798,1.2653921414457496,1.0758580452895643,3.1953835342922092,1.489313018809042,1.2959759231983445,2.3953960813522257,2.042261577531683,5.330182222716674,12.661897947634307,25.927133762700965,12.0648299222288,4.987164156850301,9.489110970061159,11.404547433487625,3.5597957004882135
E09000028,1.444696320189422,1.5181648479666674,5.95822726122972,7.566977977467086,4.541266463665406,7.108304647356669,2.8548888528966834,0.6952975893664344,0.8165113289600242,1.8012974725485575,1.512380999662254,0.9677004674785133,0.7967734733229519,1.3663744595173954,3.0515182352612125,4.242476737412229,11.465962932064846,10.633987078096721,6.376813080562467,9.115813089697161,7.375093996993322,2.33072088572195
E09000029,2.5801377318070826,2.9742673203981087,20.56113753211001,8.508789651854032,3.355349463826312,2.626970515476583,12.619559451100555,1.13206891246357,1.3474672917190633,1.397364369467558,1.541674135469717,1.5214408922822058,1.1532548402260168,1.0590223049653555,5.27015563427656,6.586880682244719,24.327253166424263,11.281768584478597,6.642678990294552,4.786536088943369,14.458914109652639,2.4833827015093988
E09000030,3.6243063141305183,2.1738108831375795,1.9411754622584385,5.703280420072012,2.0957708896663707,4.224528160070618,3.4283463483438834,0.8819960918654761,0.9055647765308253,0.9347159501610254,1.5734762776988667,1.024436200749043,1.0955102919694781,0.9347493488059563,5.626312676363313,4.045314119603653,4.208637101715311,9.133283296753191,4.567476765297803,6.580625203481715,5.883238210022439,1.9566701786229297
E09000031,5.580779877944372,2.54046214913188,7.3969412624399995,7.742189202806671,4.473462035993286,3.3970559606508237,10.928219097465062,0.8983944722840815,1.6300745794966653,2.3948461737365494,1.6829389688480982,0.8307004732500615,1.143589443854559,2.0828487235183544,7.558286715864947,7.43011185861701,13.33090430801861,12.109809430290403,6.331432124122638,6.861528702976266,15.696461434309184,2.7009472119168314
E09000032,3.0293217616517345,6.243269925461848,13.300465520254312,11.504422044794818,2.7475224217638563,1.9633830820653548,7.565739451921487,1.4006136554404474,1.6464504391871075,1.8926437725710705,1.1683534242205953,1.11468964558526,0.7744314014488817,1.515839016369367,5.843411716071941,10.55549469772564,17.69281729086704,13.13684487945427,5.805755550601489,4.087724232031389,10.935738713705845,2.6649433966051745
E09000033,2.1363158751759994,3.5420579905961125,9.755084061288752,6.300493468679458,2.910063432612455,4.887813718612891,3.525421645880086,1.3702463435846344,0.7688340920097131,1.4078310579264177,0.8579184714841169,1.3766444090252667,0.9326000842440946,1.4875187984238054,4.513817175251542,5.192644384808318,12.7550886644471,7.775784057172665,5.718087893903968,6.986823431703133,6.224811012982226,2.28920100286137
E10000003,20.379919185449467,12.880724770695267,37.201185625786394,18.745572461352914,37.55614166121494,13.426097374423996,22.691940704624184,9.659226316555083,6.728266498776744,8.264234132426358,9.221959049996721,12.688631955926885,6.819732892088152,8.749666488844753,45.64264920860702,29.110553257206895,54.852890992490416,40.91020845399108,62.76787445246446,31.610894378989443,35.10000413896802,20.63362096385119
E10000006,38.91201842930019,67.72832235817614,27.8824300311187,76.64591099572256,89.31277642841648,45.08232316939628,22.741722394874277,18.519242438223007,21.703106238510028,21.691482635032866,30.563102049739733,20.74784940557081,18.9416608736903,17.658865765001707,64.50073150299619,106.71893030618999,71.90476580920986,129.00749529131957,126.6178171548074,78.0012951693158,56.31340575271629,37.06772999705796
E10000007,8.48809451374835,10.838522545603661,13.287938231135653,23.725477632565553,11.694899402172329,16.47790598788011,9.24114464411427,5.113683687130798,5.210583803970398,5.910486845355105,9.70411447817172,5.479391584686843,8.322349985794277,4.3644066849890395,23.981582340922326,24.502657517160408,31.77234347073108,39.295257180588685,28.04601639682362,34.28081151624841,22.391980623097037,24.177898065664692
E10000008,25.561936251479487,15.220708849105351,13.148226419423187,24.943197413966455,51.38824950428561,56.55599694291873,23.02521503428924,11.158600653669676,9.460502949602011,8.562621924388495,20.827698951282876,19.3053135280823,21.94009741105319,8.840738786838225,55.7315508241218,43.0907738541311,40.7071164597974,76.09476580974437,91.93804233213827,95.7046474630678,39.74570483501635,33.105542846889016
E10000011,8.860495093111775,18.669218346029965,46.6375195483367,41.34184768569471,8.735567840299858,32.32846300428865,10.992595994585699,7.534253625876834,9.652129758868508,10.91470969196616,11.033923949051548,7.208621007049278,9.406280573011596,4.368064159742577,27.10480035924128,36.77736024497546,61.55281469016615,59.27252636443949,27.469055557609497,42.589625233191946,24.006957492266416,16.95557530070599
E10000012,10.43315311896383,15.765756691662588,11.960041482247886,18.26833772736869,22.335712407369567,15.26602291423665,17.88846726683686,8.159571165161024,7.877805407022744,7.948661502648156,14.792651277887659,8.436636492570535,7.769432453110037,7.395466010348018,39.63959993838555,35.307617013796445,38.71452051353002,62.659959657647065,41.40712718036829,34.28047327881631,33.488090891589465,25.81324839235003
E10000013,31.582232640308366,21.88095737660124,16.005569080698358,15.000858760147889,12.844076664814816,40.120261621381616,16.860471223701413,8.155459887287533,8.963752975300292,7.35333508672113,10.611262875848862,7.885475374825727,10.036428911944743,8.02981213267818,41.37562635236614,44.614998913965685,39.16298795842443,48.25337061509304,37.61868709487825,53.94071812770072,40.50593817460008,17.0359127178589
E10000014,9.39072610965112,11.670625797055553,17.622584993807695,11.979073162343527,17.64636220293898,14.772370100519312,14.375943251514906,7.088473157851819,8.412972632232142,12.225361545382723,9.16917159522297,8.55603459460864,7.0292390691608215,8.289353942818364,26.361765249148686,34.88667929887876,55.20547386603291,41.183347774993884,38.03196405801313,38.04999034370088,33.40866611138003,27.495330125761463
E10000015,5.745961541871672,6.413822593552602,21.53203262256738,18.781556546677795,6.14458443691345,15.220774941483254,13.787980923785138,3.7338748545707006,4.170922916331032,7.713200389249625,6.196895405470742,3.9877645625870946,8.16122962306642,5.7597034996241465,22.073661389729615,20.364904523077282,38.45904312801048,33.195925408661985,22.2903459305246,33.85882388256502,31.40529367648774,16.824846673478405
E10000016,9.331887071700423,15.237507046011075,20.16484852952043,36.441199307558485,8.85822289895318,12.456889437312677,10.562101219137327,6.596513990969261,11.398231179730589,12.032451056085515,19.6659827491553,5.945816939385054,6.0096124538861595,7.3433777582665245,26.61361843648649,44.81157651258502,57.22377052241461,71.9355838972845,25.30472074108194,33.34267186582363,26.8078147501635,31.53405920715658
E10000017,15.905606379546184,13.824049888126922,32.359451914748995,15.71730608955158,24.90425317148814,14.422826453263966,8.394463546800388,7.717254480438258,9.457813176581542,14.053751224533482,7.110673256356708,15.224929650937138,9.290785394722686,5.346048260668656,41.13614852990958,43.60962099695756,66.3314067566804,42.280454909982716,57.51722264649234,33.03255992549734,26.211799004978495,22.771706029081443
E10000018,19.352610765740025,12.243057192829369,11.936980422369002,27.794694064332308,10.26257361431652,10.673468226186797,13.421108853196266,6.509033824988582,5.76164183247307,6.509606799448912,8.579218650137301,5.855412062524408,6.475505827197597,5.254702756828697,34.29024134742426,22.554597637570797,35.37248019662375,50.58349274717201,21.73854620284455,26.276757900243158,25.858003888673327,15.724240153644448
E10000019,21.672355733428923,15.22844043784387,26.65877086974447,46.35587797464606,37.27181880150719,22.52118552835434,30.287325580899854,9.009651670221373,9.786357640606946,12.16849310360087,18.25756836260565,17.806885587706265,12.173176445126135,10.669859123954032,49.158044270962115,35.37491879191265,47.48476913540243,91.72567076577947,78.4315033838553,58.21744731231155,56.07552931349962,32.13568897813632
E10000020,21.6646010673729,18.811346059647644,70.32848107553428,37.092749049774156,66.83156750890308,22.768416418333658,14.716776228431527,14.727331225092076,14.853017126655743,15.691828383502806,13.212627511263635,12.573443541244485,11.196891243975033,10.67104208126135,54.94820017676897,52.53767712439248,100.67723855438561,73.38076005093191,100.14484497033847,49.423261474936865,48.306259777683515,30.058810444064825
E10000023,15.79256503256152,19.767070490504743,42.34309852785995,60.02112439323138,27.329228465633935,41.23941390225543,34.518280473311904,8.59292329562134,8.645113051708108,13.829230929437383,26.17444154801789,11.783573869704577,16.036421549792514,13.645971038809089,39.18034121806417,44.90907897806607,72.16179254632948,112.3391817540958,53.43415343547394,71.6326840200418,72.28545235851247,40.03898185971973
E10000024,7.8582014462888585,13.119775741448445,19.375272749607564,18.839991255258553,11.708021762705606,17.635213527166005,13.462041641390122,6.368415609337875,5.9029086591786015,8.06109064670377,9.888406689879757,6.029135647038859,6.339338108031217,5.704621481144918,28.729996509484547,25.618622653581195,43.477550527143464,45.64306053490258,29.396089748649086,28.402975497139217,37.58196780258069,17.546587408382905
E10000025,9.848314225335656,17.460549387170587,10.201493711183657,22.366180919024156,31.702147533090873,14.526673313856172,21.61677229702422,6.691571766819093,7.092714577389864,6.743528071022251,9.626411125503957,8.210829660698767,6.839170161679298,6.002481542635865,24.478767864425162,35.35725988231296,28.497587274437603,34.88351414838851,46.64681878527264,31.470133990350014,31.547364883554646,19.5772801286091
E10000027,11.95252500891751,44.850040554199865,22.582641411582102,58.00392882438864,30.872610245336254,20.054090129546783,13.804643776861484,8.416375942608754,10.26275567421444,10.677351154086693,11.182911014601853,14.953293113047469,11.21454343820791,7.860447979419422,40.11529984256993,62.641954642837,42.84118074729122,79.55926878335478,73.51152725892129,56.15801229079301,30.713028167545136,23.729270554867927
E10000028,9.572298420687122,11.234981961415963,14.149378835814192,14.242057482473784,10.056696754519296,9.9815407607996,9.265156032342446,5.9810961907695805,4.368522752225568,7.736366612666644,6.822425284425526,6.462272093953269,5.895149195563638,4.023990828792595,25.692144625634857,24.567746600182204,32.668917665254284,34.269237312337296,27.181945864579607,26.274039814575364,19.7364221175678,23.256715531990963
E10000029,28.503424879914192,13.47609540981649,36.46402820514562,38.48676344356594,22.19456622921782,28.345631347380927,13.642850254185506,10.962621818706923,8.760683188178412,21.486734872099195,20.27849340166989,18.178708959750853,11.168207237877288,5.7864709725767565,51.37960874265185,35.604294633614444,86.26176802075994,65.96335544175058,63.715976443810206,50.00411150684801,28.906077084962003,31.45394963628944
E10000030,4.808536928875911,10.566518827019445,16.596791508673377,9.187145460213515,8.134751235042497,11.706015051694639,14.246482652499777,3.6397838377894014,4.319112921107084,7.597560075798688,4.3342344065037075,3.725683358351231,4.463748840060901,5.375813025708076,22.306036417131804,20.220743743257785,28.19247451813507,20.014894120677287,20.392407311492832,21.70201581874632,28.93926001340586,16.794201608016234
E10000031,9.415686336909786,15.101556140502101,16.452745306735583,22.16140111649012,21.01219899353417,16.23512122647328,18.693321969158248,5.077967033773419,6.262688998028696,8.08181503330113,7.218199400587757,10.768321357306354,8.878972007666384,9.007347669693122,20.930965926393398,34.98469135193945,37.05275843277071,37.111260424904216,46.33303604534508,37.247299953821326,32.22633304147348,18.130970663927798
E10000032,9.739167809814047,11.21840306351928,14.882443697821534,24.329911616436945,15.663075672591523,24.103540930369103,10.406829819775838,6.615636427491928,4.809623509346366,7.768261053702288,10.685167612647321,8.384578627724188,11.178405131966725,6.950300580281292,23.381867871376073,24.1838011053941,28.199486579986054,44.64239276418328,35.12285176141734,40.67926727675283,26.4471088376125,21.333443152877415
E10000034,20.411956249579813,24.870953208309615,27.063378253036475,22.257803146972922,23.299292363696622,21.380519829645326,10.670940938990869,8.385200922088531,10.803951390670761,9.938555212301258,8.329922325629813,8.412103926770644,10.55175609161734,5.110312835632837,36.379807727400184,45.054106757454115,45.498818609709126,42.44226901266266,39.34355075703755,47.05084545564932,24.831731949637085,15.694200100845688
