la_code,la_name,region,intervention_status,n_requests,n_requests_refused,n_ehcp_active,n_plans_issued,refusal_rate_pct,timeliness_pct,n_tribunal_appeals,n_total_appealable_decisions,la_official_appeal_rate_pct,dsg_deficit_per_pupil,imd_average_score,flag_high_refusal,flag_low_timeliness,is_small_la,dsg_financial_stress_per_pupil,dsg_balance_2324,dsg_deficit_per_pupil,n_timely_plans,throughput_stress,throughput_stress_z
E08000030,Walsall,West Midlands,,1103.0,668.0,4508.0,457.0,60.56210335448776,84.2,3455.0,,4.8,250.0,31.555,True,False,False,-33.44929665322653,7399921.0,-33.44929665322653,384.79400000000004,2.866468811883761,-0.41257941279146415
E08000024,Sunderland,North East,Delivering Better Value,578.0,343.0,2790.0,220.0,59.34256055363322,77.7,1939.0,,5.6,,30.586,False,False,False,-53.66217431431479,9070410.0,-53.66217431431479,170.94,3.3813033813033813,-0.3566902304925579
E10000016,Kent,South East,Safety Valve,4001.0,2200.0,19407.0,2424.0,54.98625343664085,32.3,14675.0,,10.6,920.0,22.4,False,False,False,-62.02411711255822,67167405.0,-62.02411711255822,782.952,5.1101472376339805,-0.16901116775648312
E10000011,East Sussex,South East,,1107.0,594.0,4529.0,420.0,53.65853658536586,81.9,3602.0,,14.3,680.0,21.4,False,False,False,53.82573179033356,-15814000.0,53.82573179033356,343.98,3.218210361067504,-0.37439521007448023
E09000028,Southwark,London,Safety Valve,738.0,352.0,3226.0,461.0,47.69647696476965,36.7,1906.0,,6.3,,25.811,False,False,False,-45.71678839010263,8713437.0,-45.71678839010263,169.187,4.362037272367262,-0.25022415676682563
E09000017,Hillingdon,London,Safety Valve,685.0,304.0,3503.0,361.0,44.37956204379562,89.2,2375.0,,6.0,,18.223,False,False,False,-112.61657518340634,25604955.0,-112.61657518340634,322.012,2.127249916152193,-0.4928272090280532
E09000023,Lewisham,London,Delivering Better Value,646.0,281.0,3558.0,,43.4984520123839,,2080.0,,4.9,,26.661,False,False,False,-97.19346274264245,15521796.0,-97.19346274264245,,,
E10000028,Staffordshire,West Midlands,,2260.0,953.0,7490.0,947.0,42.16814159292036,35.3,4806.0,,9.1,,21.8,False,False,False,-59.295914560029544,30830555.0,-59.295914560029544,334.291,6.760576862673539,0.010155437720954149
E08000025,Birmingham,West Midlands,Delivering Better Value,2493.0,1044.0,11040.0,1382.0,41.87725631768953,26.7,8639.0,,7.4,710.0,38.067,False,False,False,58.72653275231282,-50402634.0,58.72653275231282,368.994,6.756207418006796,0.009681101489414994
E08000017,Doncaster,Yorkshire and The Humber,Delivering Better Value,795.0,326.0,2646.0,456.0,41.0062893081761,84.9,1946.0,,5.8,,30.289,False,False,False,-127.33109562313943,25321571.0,-127.33109562313943,387.144,2.053499473064286,-0.5008333768403891
E08000016,Barnsley,Yorkshire and The Humber,Safety Valve,718.0,294.0,2752.0,363.0,40.947075208913645,96.7,2184.0,,3.7,,29.933,False,False,False,-86.15047015304681,12203731.0,-86.15047015304681,351.02099999999996,2.0454616675355606,-0.5017059413594821
E06000006,Halton,North West,Delivering Better Value,492.0,200.0,1524.0,208.0,40.65040650406504,58.2,1036.0,,3.2,,32.325,False,False,False,-72.18010796221323,5348546.0,-72.18010796221323,121.056,4.064234734337827,-0.2825528722914397
E08000029,Solihull,West Midlands,Delivering Better Value,485.0,195.0,2301.0,258.0,40.20618556701031,53.1,1704.0,,9.4,180.0,17.37,False,False,False,-123.91724224463458,20739781.0,-123.91724224463458,136.99800000000002,3.5401976671192275,-0.33944105525510754
E06000050,Cheshire West and Chester,North West,,1066.0,421.0,3339.0,487.0,39.493433395872415,15.4,1885.0,,5.7,,18.083,False,False,False,-33.822279680324016,7482300.0,-33.822279680324016,74.998,14.213712365663083,0.8192496080961387
E06000024,North Somerset,South West,Safety Valve,1092.0,431.0,2114.0,625.0,39.46886446886447,63.0,2055.0,,4.6,,15.825,False,False,False,-102.13023505914887,13295314.0,-102.13023505914887,393.75,2.7733333333333334,-0.4226899726652284
E06000025,South Gloucestershire,South West,Safety Valve,825.0,324.0,2814.0,449.0,39.27272727272727,58.1,2101.0,,6.1,,11.66,False,False,False,-163.35867004568817,27459939.0,-163.35867004568817,260.869,3.162506852098179,-0.380442246836182
E10000027,Somerset,South West,Delivering Better Value,1207.0,473.0,5108.0,567.0,39.18806959403479,33.5,3816.0,,10.0,420.0,15.1,False,False,False,,35939920.0,420.0,189.945,6.354471031087947,-0.033930418595420724
E06000015,Derby,East Midlands,,769.0,300.0,3564.0,442.0,39.01170351105331,14.0,1482.0,,12.8,,26.323,False,False,False,-66.5338940391795,12688812.0,-66.5338940391795,61.88,12.427278603749192,0.6253187259934082
E06000063,Cumberland,North West,Delivering Better Value,718.0,278.0,2656.0,378.0,38.71866295264624,42.1,,,,,27.1,False,False,False,-0.0,0.0,-0.0,159.138,4.5118073621636565,-0.23396548194436675
E06000040,Windsor and Maidenhead,South East,Delivering Better Value,302.0,116.0,1199.0,127.0,38.41059602649007,100.0,1004.0,,11.1,-60.0,8.376,False,False,False,-9.708242165443252,1100371.0,-9.708242165443252,127.0,2.377952755905512,-0.4656115216090399
E06000011,East Riding of Yorkshire,Yorkshire and The Humber,Delivering Better Value,719.0,276.0,3410.0,400.0,38.38664812239222,96.0,3029.0,,2.0,,15.605,False,False,False,-127.50211638484473,23435399.0,-127.50211638484473,384.0,1.8723958333333333,-0.5204935452461918
E06000034,Thurrock,East of England,Delivering Better Value,666.0,254.0,2319.0,288.0,38.13813813813814,48.3,1135.0,,3.3,340.0,20.928,False,False,False,4.968631748234107,-630261.0,4.968631748234107,139.10399999999998,4.787784679089027,-0.20400605906918395
E10000019,Lincolnshire,East Midlands,,1914.0,724.0,7607.0,1099.0,37.82654127481714,99.0,6444.0,,2.9,,20.5,False,False,False,36.53392576634801,-16280248.0,36.53392576634801,1088.01,1.7591750075826509,-0.5327845213116608
E09000029,Sutton,London,,607.0,221.0,2304.0,366.0,36.40856672158155,76.5,2216.0,,4.1,,13.987,False,False,False,-8.113658104103964,1391038.0,-8.113658104103964,279.99,2.167934569091753,-0.48841058256206027
E10000008,Devon,South West,Safety Valve,2265.0,819.0,8873.0,1277.0,36.15894039735099,3.2,8007.0,,5.0,540.0,18.0,False,True,False,-261.58204279188436,111548000.0,-261.58204279188436,40.864000000000004,55.427760375880965,5.293345908808067
E08000012,Liverpool,North West,,2388.0,847.0,5820.0,1285.0,35.46901172529313,97.9,4476.0,,7.8,380.0,42.412,False,False,False,17.841847450166636,-5674778.0,17.841847450166636,1258.015,1.8982285584830068,-0.5176892077542568
E08000006,Salford,North West,Safety Valve,946.0,331.0,3206.0,461.0,34.98942917547569,50.1,2407.0,,4.0,,34.21,False,False,False,-46.366820609837525,8333045.0,-46.366820609837525,230.961,4.095929615822585,-0.2791121534383122
E10000030,Surrey,South East,Safety Valve,3022.0,1050.0,14245.0,2134.0,34.74520185307743,40.6,,,,1240.0,11.2,False,False,False,-97.4078183412789,79522574.0,-97.4078183412789,866.4040000000001,3.487980203230825,-0.34510965548476075
E09000022,Lambeth,London,,752.0,261.0,3332.0,423.0,34.70744680851064,83.9,1682.0,,2.6,,25.422,False,False,False,52.10278945099941,-7736639.0,52.10278945099941,354.89700000000005,2.1189246457422857,-0.49373098003191485
E06000036,Bracknell Forest,South East,Safety Valve,312.0,106.0,1469.0,206.0,33.97435897435898,45.1,854.0,,12.4,370.0,10.241,False,False,False,-203.65135525188293,18062246.0,-203.65135525188293,92.906,3.3582330527630075,-0.35919468896150286
E06000037,West Berkshire,South East,Delivering Better Value,475.0,160.0,1531.0,269.0,33.68421052631579,48.0,827.0,,7.7,,9.952,False,False,False,-78.25796647785617,9450119.0,-78.25796647785617,129.12,3.6787484510532837,-0.324400320850508
E06000041,Wokingham,South East,Safety Valve,471.0,158.0,1948.0,251.0,33.54564755838641,56.2,1155.0,,8.7,-90.0,5.846,False,False,False,-146.7285510909672,20201000.0,-146.7285510909672,141.062,3.3389573379081536,-0.36128721344500664
E08000002,Bury,North West,Safety Valve,560.0,184.0,2686.0,296.0,32.857142857142854,99.0,1546.0,,4.2,,23.682,False,False,False,-148.92288950561507,18459290.0,-148.92288950561507,293.04,1.911001911001911,-0.516302563830361
E06000022,Bath and North East Somerset,South West,Safety Valve,475.0,156.0,2230.0,349.0,32.8421052631579,24.1,995.0,,5.0,,11.745,False,False,False,-174.57691101282896,22262746.0,-174.57691101282896,84.109,5.647433687239178,-0.11068466423017852
E06000031,Peterborough,East of England,,685.0,223.0,2625.0,389.0,32.55474452554745,86.1,1444.0,,3.4,450.0,27.821,False,False,False,12.817451756673462,-2162663.0,12.817451756673462,334.9289999999999,2.0452095817322484,-0.5017333071780442
E08000037,Gateshead,North East,,363.0,118.0,1686.0,266.0,32.5068870523416,82.3,1186.0,,11.2,,28.217,False,False,False,22.377263150964513,-2719106.0,22.377263150964513,218.918,1.658155108305393,-0.5437509946253867
E09000013,Hammersmith and Fulham,London,Safety Valve,320.0,104.0,1700.0,172.0,32.5,84.9,1186.0,,3.0,,22.27,False,False,False,-21.469485589619932,2243733.0,-21.469485589619932,146.02800000000002,2.1913605609883033,-0.48586751414861834
E06000055,Bedford,East of England,,473.0,153.0,1899.0,355.0,32.346723044397464,73.0,1476.0,,1.8,,18.932,False,False,False,8.299313315352013,-1206189.0,8.299313315352013,259.15,1.8251977619139497,-0.525617252499744
E09000014,Haringey,London,Safety Valve,553.0,176.0,2833.0,219.0,31.82640144665461,82.6,1487.0,,8.3,,27.956,False,False,False,-58.23547879733717,9552715.0,-58.23547879733717,180.89399999999998,3.0570389288754742,-0.39189158675584934
E06000056,Central Bedfordshire,East of England,Delivering Better Value,944.0,300.0,3541.0,649.0,31.779661016949152,42.5,4894.0,,2.9,,12.152,False,False,False,-113.79511962203458,22640677.0,-113.79511962203458,275.825,3.4224598930481287,-0.3522223801881731
E08000018,Rotherham,Yorkshire and The Humber,Safety Valve,959.0,304.0,3310.0,535.0,31.69968717413973,79.3,2125.0,,4.6,,29.55,False,False,False,-5.372900729798646,977696.0,-5.372900729798646,424.255,2.260432994307669,-0.47836917964095904
E06000047,County Durham,North East,Delivering Better Value,1009.0,316.0,4501.0,920.0,31.318136769078297,16.6,3124.0,,11.0,,26.793,False,False,False,-29.864810868407034,8969000.0,-29.864810868407034,152.72000000000003,6.6068622315348335,-0.0065314468668562255
E06000002,Middlesbrough,North East,Delivering Better Value,436.0,135.0,1872.0,306.0,30.963302752293576,98.0,1442.0,,1.6,,40.46,False,False,False,-138.04170207834352,14293390.0,-138.04170207834352,299.88,1.4539148992930506,-0.5659228124330479
E09000018,Hounslow,London,Safety Valve,699.0,214.0,3100.0,398.0,30.61516452074392,77.9,2525.0,,3.9,,21.487,False,False,False,-57.99421664690341,11150896.0,-57.99421664690341,310.04200000000003,2.2545332567845646,-0.47900964072405255
E10000032,West Sussex,South East,Delivering Better Value,2448.0,744.0,7684.0,1495.0,30.392156862745097,11.4,4154.0,,8.4,710.0,14.5,False,False,False,-134.77971750030574,70534000.0,-134.77971750030574,170.43,14.363668368245026,0.8355284651561169
E10000007,Derbyshire,East Midlands,,2713.0,805.0,6354.0,1253.0,29.67194987099152,35.7,3810.0,,14.1,610.0,22.1,False,False,False,-37.878031061676296,16945419.0,-37.878031061676296,447.3210000000001,6.064995830734527,-0.06535513869881811
E08000011,Knowsley,North West,,674.0,199.0,2275.0,449.0,29.52522255192878,55.2,1297.0,,5.2,,43.006,False,False,False,-148.86696445017498,12931180.0,-148.86696445017498,247.84800000000004,2.719408669829895,-0.428543902311694
E08000034,Kirklees,Yorkshire and The Humber,Safety Valve,771.0,227.0,4125.0,785.0,29.442282749675748,22.9,1984.0,,4.6,340.0,25.151,False,False,False,-160.3226600804439,43686001.0,-160.3226600804439,179.765,4.288932773342976,-0.25816020247068044
E08000032,Bradford,Yorkshire and The Humber,,2331.0,671.0,6474.0,1337.0,28.78592878592879,88.9,3522.0,,7.9,460.0,34.666,False,False,False,88.76165870074132,-36399381.0,88.76165870074132,1188.593,1.9611422917685026,-0.5108594466668036
E06000043,Brighton and Hove,South East,,466.0,134.0,2489.0,302.0,28.75536480686695,98.0,1552.0,,5.1,,20.761,False,False,False,9.199525129182183,-1274723.0,9.199525129182183,295.96,1.5745370996080552,-0.5528283612381714
E06000038,Reading,South East,Delivering Better Value,515.0,148.0,1954.0,304.0,28.7378640776699,61.5,,,,,19.619,False,False,False,-85.46871819107169,9404294.0,-85.46871819107169,186.96,2.7545999144201967,-0.42472362682698833
E10000013,Gloucestershire,South West,Delivering Better Value,1625.0,457.0,5876.0,910.0,28.123076923076923,26.3,4898.0,,5.5,520.0,16.2,False,False,False,-112.53492330548914,45750848.0,-112.53492330548914,239.33,6.789788158609451,0.013326544598236885
E06000057,Northumberland,North East,,1021.0,285.0,3310.0,743.0,27.91380999020568,46.8,2575.0,,2.3,,22.079,False,False,False,6.381174708745347,-1159000.0,6.381174708745347,347.724,2.9362367854965434,-0.40500557212985944
E06000020,Telford and Wrekin,West Midlands,,487.0,135.0,2124.0,334.0,27.720739219712527,83.5,1399.0,,7.3,,24.988,False,False,False,-13.558122582564712,1822754.0,-13.558122582564712,278.89,1.7462081824375202,-0.5341921681508993
E09000006,Bromley,London,,1062.0,290.0,4071.0,719.0,27.30696798493409,45.3,2954.0,,7.2,,14.163,False,False,False,-69.66255410883606,16221901.0,-69.66255410883606,325.707,3.260599250246387,-0.36979357588849804
E08000009,Trafford,North West,,515.0,139.0,2939.0,380.0,26.990291262135923,53.4,1996.0,,2.2,,16.088,False,False,False,-53.30755182625864,9720099.0,-53.30755182625864,202.92,2.537945988566923,-0.44824304738850484
E06000013,North Lincolnshire,Yorkshire and The Humber,,416.0,112.0,1454.0,188.0,26.923076923076923,18.6,1003.0,,0.9,,22.096,False,False,False,71.31238773677335,-6987473.0,71.31238773677335,34.968,11.896591169068861,0.5677085953954888
E06000001,Hartlepool,North East,,232.0,62.0,859.0,122.0,26.72413793103448,74.6,672.0,,3.3,,35.037,False,False,False,-26.291399166059964,1588947.0,-26.291399166059964,91.01199999999999,2.5491144024963743,-0.44703063167446994
E09000027,Richmond upon Thames,London,Safety Valve,336.0,89.0,1842.0,260.0,26.488095238095237,94.2,1363.0,,3.0,-120.0,9.425,False,False,False,7.422471567831032,-1169544.0,7.422471567831032,244.92,1.3718765311121999,-0.5748286971329295
E08000007,Stockport,North West,Delivering Better Value,859.0,225.0,3115.0,575.0,26.193247962747375,7.8,2030.0,,3.9,,20.826,False,False,False,-124.0442509218942,23816000.0,-124.0442509218942,44.85,19.15273132664437,1.3554174326445536
E08000023,South Tyneside,North East,Delivering Better Value,338.0,86.0,1707.0,171.0,25.44378698224852,62.6,1409.0,,4.0,,31.509,False,False,False,-76.94695918101766,7095433.0,-76.94695918101766,107.046,3.1575210657100685,-0.3809834916182926
E08000010,Wigan,North West,,1020.0,259.0,2966.0,628.0,25.392156862745097,42.0,2099.0,,2.5,,25.713,False,False,False,-3.5805263373306593,699864.0,-3.5805263373306593,263.76,3.867151956323931,-0.30394769688686385
E09000004,Bexley,London,Safety Valve,796.0,201.0,3075.0,517.0,25.25125628140704,66.7,2078.0,,2.3,,16.273,False,False,False,-25.38016868957005,4441428.0,-25.38016868957005,344.839,2.3083235944890226,-0.4731702931579534
E08000026,Coventry,West Midlands,,1144.0,288.0,3062.0,686.0,25.174825174825177,61.8,2494.0,,4.9,310.0,25.613,False,False,False,55.693984850385796,-14205085.0,55.693984850385796,423.948,2.698444148810703,-0.43081975946396667
E10000023,North Yorkshire,Yorkshire and The Humber,Delivering Better Value,1234.0,306.0,4927.0,678.0,24.79740680713128,24.6,4130.0,,6.6,380.0,14.2,False,False,False,,-3014386.0,380.0,166.78799999999998,7.3986138091469416,0.07941916889403514
E09000012,Hackney,London,Delivering Better Value,622.0,153.0,3525.0,465.0,24.59807073954984,40.0,1835.0,,3.9,,32.526,False,False,False,-111.47546155643842,19080140.0,-111.47546155643842,186.0,3.3440860215053765,-0.3607304560911993
E09000033,Westminster,London,,208.0,51.0,1413.0,140.0,24.519230769230766,98.6,283.0,,14.1,,20.339,False,False,False,35.13358481180567,-4237813.0,35.13358481180567,138.04,1.5068096203998842,-0.5601806908153751
E06000014,York,Yorkshire and The Humber,Safety Valve,427.0,103.0,1348.0,236.0,24.121779859484775,64.8,1066.0,,3.1,,11.727,False,False,False,-2.62102117240386,291164.0,-2.62102117240386,152.928,2.792163632559113,-0.4206458014135602
E09000005,Brent,London,Delivering Better Value,705.0,170.0,3500.0,473.0,24.113475177304963,79.5,1698.0,,2.7,,25.558,False,False,False,-65.47638592539909,13256611.0,-65.47638592539909,376.035,1.8748254816705892,-0.5202297885621832
E08000005,Rochdale,North West,Delivering Better Value,755.0,182.0,2829.0,415.0,24.10596026490066,40.7,1772.0,,2.5,,34.415,False,False,False,-72.25118804721197,11189975.0,-72.25118804721197,168.905,4.469968325390012,-0.23850742549739756
E06000033,Southend-on-Sea,East of England,,569.0,137.0,1737.0,299.0,24.077328646748683,16.1,1344.0,,3.6,290.0,22.375,False,False,False,89.0245192454676,-11647612.0,89.0245192454676,48.139,11.819938095930533,0.5593873251606076
E06000021,Stoke-on-Trent,West Midlands,Safety Valve,788.0,189.0,2970.0,559.0,23.98477157360406,32.9,2421.0,,4.3,370.0,34.504,False,False,False,-73.32441752980493,12374522.0,-73.32441752980493,183.91099999999997,4.28468117730859,-0.2586217453427821
E06000058,"Bournemouth, Christchurch and Poole",South West,Delivering Better Value,1230.0,295.0,3769.0,784.0,23.983739837398375,74.1,,,,-287.0,18.173,False,False,False,-287.21499375938356,63512426.0,-287.21499375938356,580.944,2.117243658597042,-0.4939134638870851
E10000017,Lancashire,North West,,3658.0,876.0,11258.0,1720.0,23.947512301804263,17.3,5032.0,,6.6,,27.3,False,False,False,24.810005761888608,-18429170.0,24.810005761888608,297.56,12.293318994488507,0.6107763982878294
E08000003,Manchester,North West,,2305.0,546.0,7798.0,1657.0,23.68763557483731,63.5,5110.0,,2.1,530.0,40.005,False,False,False,-19.53325473351156,7803379.0,-19.53325473351156,1052.195,2.1906585756442487,-0.4859437199615055
E09000019,Islington,London,,511.0,121.0,2035.0,295.0,23.679060665362034,78.6,1548.0,,7.5,,27.535,False,False,False,60.070500270754366,-5768450.0,60.070500270754366,231.87,2.203821106654591,-0.48451482777195937
E06000010,"Kingston upon Hull, City of",Yorkshire and The Humber,,811.0,192.0,2982.0,500.0,23.67447595561036,5.8,1209.0,,5.6,,40.564,False,False,False,-7.545077978224948,1333336.0,-7.545077978224948,29.0,27.96551724137931,2.3121119279367024
E06000005,Darlington,North East,Safety Valve,245.0,58.0,1026.0,172.0,23.6734693877551,72.1,700.0,,1.1,,25.657,False,False,False,-28.388131220051605,1848408.0,-28.388131220051605,124.01199999999999,1.9756152630390609,-0.5092882962860922
E06000018,Nottingham,East Midlands,,579.0,137.0,2115.0,294.0,23.661485319516405,29.9,1451.0,,3.6,490.0,34.891,False,False,False,97.26733470005556,-20306696.0,97.26733470005556,87.906,6.586581120742611,-0.008733114675544032
E10000015,Hertfordshire,East of England,,3343.0,775.0,11897.0,1781.0,23.182769967095425,55.2,2195.0,,27.9,950.0,13.8,False,False,False,1.661850229832579,-1499647.0,1.661850229832579,983.1120000000001,3.40042640106112,-0.3546142822155207
E06000052,Cornwall,South West,Delivering Better Value,1351.0,305.0,4163.0,914.0,22.575869726128794,7.4,3025.0,,4.1,,23.072,False,False,False,-76.45536083436696,22930186.0,-76.45536083436696,67.63600000000001,19.97456975575137,1.44463420345384
E10000014,Hampshire,South East,Delivering Better Value,3932.0,887.0,15994.0,2340.0,22.55849440488301,41.0,12380.0,,5.3,820.0,14.6,False,False,False,-156.1640891218873,123919328.0,-156.1640891218873,959.4,4.098394830102147,-0.2788445358025508
E08000004,Oldham,North West,Delivering Better Value,865.0,194.0,3336.0,408.0,22.427745664739884,85.8,2441.0,,4.1,,33.155,False,False,False,19.374544712383823,-3702243.0,19.374544712383823,350.064,2.4709767356826178,-0.45551306576953904
E06000061,North Northamptonshire,East Midlands,,1329.0,295.0,3819.0,930.0,22.19714070729872,21.4,,,,,,False,False,False,-29.143773018108995,6868721.0,-29.143773018108995,199.02,6.677720832077178,0.001160789588090591
E09000016,Havering,London,Delivering Better Value,899.0,193.0,2583.0,439.0,21.46829810901001,29.4,1858.0,,3.2,,16.789,False,False,False,-86.83666379036286,15296452.0,-86.83666379036286,129.06599999999997,6.965428540436677,0.03239363508141385
E06000049,Cheshire East,North West,Delivering Better Value,900.0,193.0,4576.0,438.0,21.444444444444443,47.0,3310.0,,4.2,380.0,14.475,False,False,False,-323.92588794438404,78651797.0,-323.92588794438404,205.86,4.371903235208394,-0.24915313195898525
E09000030,Tower Hamlets,London,Delivering Better Value,887.0,189.0,4463.0,593.0,21.307779030439683,39.3,1901.0,,3.4,,27.913,False,False,False,-84.19037917313871,15826781.0,-84.19037917313871,233.04899999999998,3.806066535363808,-0.310578980857741
E09000009,Ealing,London,,840.0,177.0,3720.0,522.0,21.071428571428573,71.3,2748.0,,2.7,,22.71,False,False,False,-7.920287564501248,1854171.0,-7.920287564501248,372.186,2.25693604810498,-0.47874879957213784
E06000009,Blackpool,North West,Safety Valve,423.0,89.0,1462.0,220.0,21.04018912529551,60.5,,,,,45.039,False,False,False,-23.27175770061806,1852525.0,-23.27175770061806,133.1,3.178061607813674,-0.37875366058064314
E08000019,Sheffield,Yorkshire and The Humber,,1211.0,253.0,5365.0,670.0,20.89182493806771,49.0,4022.0,,7.1,380.0,27.06,False,False,False,35.665567537989766,-12514477.0,35.665567537989766,328.3,3.6886993603411513,-0.32332007446406885
E09000003,Barnet,London,,1026.0,214.0,3809.0,747.0,20.857699805068226,100.0,2257.0,,7.1,,16.148,False,False,False,38.45173284992435,-10775406.0,38.45173284992435,747.0,1.3734939759036144,-0.5746531112803561
E06000062,West Northamptonshire,East Midlands,,1430.0,296.0,3531.0,711.0,20.6993006993007,10.8,,,,,,False,False,False,-3.4937586148696167,993597.0,-3.4937586148696167,76.788,18.622701463770383,1.29787868643444
E08000027,Dudley,West Midlands,Delivering Better Value,888.0,181.0,3628.0,501.0,20.38288288288288,49.1,2371.0,,6.4,220.0,24.103,False,False,False,-146.80117377612368,28715484.0,-146.80117377612368,245.991,3.6098881666402427,-0.33187562499151296
E09000024,Merton,London,Safety Valve,594.0,121.0,2587.0,402.0,20.37037037037037,73.9,2315.0,,2.0,,14.649,False,False,False,-319.56073144273984,41242508.0,-319.56073144273984,297.07800000000003,1.9994748853836364,-0.5066981540112594
E06000019,"Herefordshire, County of",West Midlands,,531.0,108.0,1461.0,334.0,20.33898305084746,67.4,,,,,18.89,False,False,False,-60.55323455509911,6073005.0,-60.55323455509911,225.116,2.3587839158478294,-0.4676924440258273
E09000010,Enfield,London,Delivering Better Value,1023.0,208.0,4741.0,706.0,20.332355816226784,85.4,3377.0,,2.3,,25.781,False,False,False,-65.40398666382919,14752000.0,-65.40398666382919,602.924,1.6967312629784186,-0.5395632615768037
E08000001,Bolton,North West,Safety Valve,732.0,148.0,3304.0,563.0,20.21857923497268,71.4,1712.0,,2.8,,30.691,False,False,False,-59.496577305974945,13697778.0,-59.496577305974945,401.982,1.8209770586742688,-0.5260754417255724
E10000012,Essex,East of England,,4255.0,852.0,13035.0,1833.0,20.023501762632197,16.2,9061.0,,7.8,870.0,19.7,False,False,False,38.84799113800008,-36472048.0,38.84799113800008,296.94599999999997,14.329204636533243,0.8317871666910356
E06000059,Dorset,South West,Safety Valve,881.0,175.0,3916.0,585.0,19.86379114642452,49.1,,,,280.0,15.735,False,False,False,-283.8995711017918,59573486.0,-283.8995711017918,287.235,3.0671749612686474,-0.3907912438576475
E06000051,Shropshire,West Midlands,,833.0,163.0,2496.0,720.0,19.56782713085234,37.2,1964.0,,2.6,310.0,17.153,False,False,False,-12.998871841155236,2304440.0,-12.998871841155236,267.84000000000003,3.110065710872162,-0.3861351289308082
E06000030,Swindon,South West,Delivering Better Value,548.0,107.0,2573.0,247.0,19.525547445255476,49.4,1837.0,,5.0,490.0,18.622,False,False,False,-55.86907359123078,8399580.0,-55.86907359123078,122.01799999999999,4.491140651379305,-0.23620900954556787
E09000032,Wandsworth,London,,574.0,111.0,2988.0,406.0,19.337979094076655,100.0,2162.0,,4.0,,16.611,False,False,False,-82.66153075583753,13863000.0,-82.66153075583753,406.0,1.4137931034482758,-0.5702783365087835
E09000020,Kensington and Chelsea,London,Delivering Better Value,127.0,24.0,786.0,98.0,18.89763779527559,99.0,199.0,,13.1,,21.526,False,False,False,-43.11157059314954,4128364.0,-43.11157059314954,97.02,1.3090084518655947,-0.5816535021295259
E09000025,Newham,London,Delivering Better Value,1008.0,190.0,2705.0,476.0,18.849206349206348,57.6,386.0,,17.6,,29.577,False,False,False,-49.514351534773674,12724000.0,-49.514351534773674,274.17600000000004,3.6764705882352935,-0.3246476000695979
E06000032,Luton,East of England,,578.0,108.0,2585.0,377.0,18.685121107266436,29.4,1855.0,,1.5,,25.908,False,False,False,30.45496371484134,-5136656.0,30.45496371484134,110.838,5.214818022699796,-0.15764836320645506
E10000024,Nottinghamshire,East Midlands,,1719.0,318.0,4275.0,1259.0,18.49912739965096,37.5,3788.0,,4.9,,22.9,False,False,False,37.73897908683308,-19460331.0,37.73897908683308,472.125,3.6409849086576647,-0.3284998386967562
E08000021,Newcastle upon Tyne,North East,,730.0,134.0,2769.0,476.0,18.356164383561644,8.8,2052.0,,2.1,,29.79,False,False,False,36.4919648950691,-6844141.0,36.4919648950691,41.888000000000005,17.427425515660808,1.1681224514622977
E06000054,Wiltshire,South West,Safety Valve,1146.0,210.0,5536.0,906.0,18.32460732984293,32.5,4097.0,,3.0,320.0,13.447,False,False,False,-94.65312252703772,28706399.0,-94.65312252703772,294.45,3.8920020376974023,-0.30125003280111634
E08000033,Calderdale,Yorkshire and The Humber,,597.0,109.0,2249.0,429.0,18.257956448911223,95.1,1663.0,,4.7,,26.351,False,False,False,-41.74828869859278,6123305.0,-41.74828869859278,407.9789999999999,1.463310611575596,-0.5649028368762797
E06000035,Medway,South East,Safety Valve,989.0,180.0,3175.0,377.0,18.20020222446916,11.7,1366.0,,9.3,430.0,23.936,False,False,False,-91.57543523051623,19378461.0,-91.57543523051623,44.108999999999995,22.421727992019772,1.7102917192948153
E06000064,Westmorland and Furness,North West,Delivering Better Value,509.0,91.0,2196.0,331.0,17.87819253438114,89.7,,,,,18.5,False,False,False,-0.0,0.0,-0.0,296.907,1.7143415278184753,-0.5376515342755709
E06000044,Portsmouth,South East,,516.0,92.0,2000.0,485.0,17.829457364341085,4.3,1262.0,,5.1,,26.899,False,True,False,95.12746934040437,-11479983.0,95.12746934040437,20.855,24.742268041237114,1.9622038742785526
E06000012,North East Lincolnshire,Yorkshire and The Humber,Delivering Better Value,502.0,89.0,1674.0,364.0,17.729083665338646,37.4,1313.0,,0.8,,31.335,False,False,False,-42.33630927402434,4035497.0,-42.33630927402434,136.136,3.687488981606629,-0.32345147022061393
E09000026,Redbridge,London,,694.0,122.0,3168.0,356.0,17.579250720461097,7.0,,,,,17.203,False,False,False,29.981096213470547,-7271735.0,29.981096213470547,24.92,27.84911717495987,2.2994758212761597
E10000034,Worcestershire,West Midlands,Delivering Better Value,1883.0,330.0,5945.0,1389.0,17.525225703664365,37.2,4263.0,,3.3,640.0,18.9,False,False,False,-121.71695768259714,43581487.0,-121.71695768259714,516.7080000000001,3.6442245910649724,-0.32814814669430054
E10000031,Warwickshire,West Midlands,Delivering Better Value,1750.0,306.0,6054.0,1122.0,17.485714285714284,21.2,3769.0,,5.9,490.0,16.1,False,False,False,-84.70726177481714,33214395.0,-84.70726177481714,237.86399999999998,7.357145259476003,0.07491744451518656
E10000018,Leicestershire,East Midlands,Delivering Better Value,1582.0,276.0,6377.0,772.0,17.44627054361568,4.3,4623.0,,4.2,,15.6,False,True,False,-74.55000931272117,32020720.0,-74.55000931272117,33.196,47.65634413784794,4.4496999599011335
E06000003,Redcar and Cleveland,North East,Delivering Better Value,237.0,41.0,1491.0,170.0,17.29957805907173,44.7,524.0,,7.8,,29.792,False,False,False,-71.6090027634839,6011719.0,-71.6090027634839,75.99000000000001,3.1188314251875244,-0.3851835444132734
E10000002,Buckinghamshire,South East,Delivering Better Value,1782.0,305.0,6697.0,730.0,17.115600448933783,32.1,4863.0,,4.8,,10.7,False,False,False,,,,234.33,7.60466009473819,0.10178704995999314
E06000023,"Bristol, City of",South West,Safety Valve,1605.0,271.0,4382.0,684.0,16.884735202492212,17.3,2908.0,,3.6,,26.363,False,False,False,-132.19450500904907,37105940.0,-132.19450500904907,118.33200000000001,13.563533110232227,0.7486677375455527
E09000021,Kingston upon Thames,London,Safety Valve,370.0,62.0,1782.0,277.0,16.756756756756758,93.5,1249.0,,6.2,-80.0,11.381,False,False,False,-37.8047600619195,4689000.0,-37.8047600619195,258.995,1.4285990077028514,-0.5686710437372103
E06000008,Blackburn with Darwen,North West,,349.0,55.0,1322.0,260.0,15.759312320916903,86.5,1175.0,,1.5,,36.013,False,False,False,36.111653045083045,-4383088.0,36.111653045083045,224.9,1.5518008003557135,-0.5552965583041708
E08000013,St. Helens,North West,,649.0,101.0,1595.0,597.0,15.56240369799692,28.8,1171.0,,7.0,,31.518,False,False,False,17.166605832755412,-1881254.0,17.166605832755412,171.93600000000004,3.7746603387306896,-0.31398836078908937
E08000022,North Tyneside,North East,Safety Valve,452.0,70.0,2167.0,230.0,15.486725663716811,39.1,1563.0,,5.3,,22.279,False,False,False,-66.34659380170548,8340563.0,-66.34659380170548,89.93,5.026131435560991,-0.1781317178456885
E08000035,Leeds,Yorkshire and The Humber,,2313.0,356.0,5508.0,717.0,15.391266753134458,9.3,3542.0,,3.6,420.0,27.301,False,False,False,11.78571767609645,-6455839.0,11.78571767609645,66.681,34.68754217843164,3.0418385225362647
E09000008,Croydon,London,Safety Valve,1174.0,178.0,4556.0,916.0,15.1618398637138,72.8,2791.0,,3.0,,22.477,False,False,False,-44.38230137921405,11443000.0,-44.38230137921405,666.8480000000001,1.7605211382503958,-0.5326383886571023
E10000025,Oxfordshire,South East,Delivering Better Value,1734.0,262.0,6420.0,962.0,15.109573241061131,38.6,4898.0,,8.1,780.0,14.4,False,False,False,-95.9384876602658,45824443.0,-95.9384876602658,371.33200000000005,4.669675654131612,-0.2168276860909134
E09000002,Barking and Dagenham,London,,639.0,95.0,2675.0,500.0,14.86697965571205,27.0,1109.0,,3.4,,32.768,False,False,False,42.933665428953844,-7955093.0,42.933665428953844,135.0,4.733333333333333,-0.20991716405343439
E09000015,Harrow,London,,538.0,76.0,2370.0,468.0,14.12639405204461,39.3,1497.0,,1.9,,15.031,False,False,False,-6.770715972043664,1158632.0,-6.770715972043664,183.92399999999998,2.925121245731933,-0.40621224795381466
E10000020,Norfolk,East of England,Safety Valve,2562.0,333.0,10736.0,1909.0,12.997658079625293,55.7,7621.0,,7.0,480.0,22.5,False,False,False,-164.492957178028,81512840.0,-164.492957178028,1063.313,2.409450462845841,-0.46219220754244555
E06000007,Warrington,North West,,582.0,75.0,2052.0,479.0,12.886597938144329,59.1,1445.0,,2.6,,18.942,False,False,False,5.489054224843525,-729649.0,5.489054224843525,283.089,2.0558905503216303,-0.5005738073385253
E06000027,Torbay,South West,Safety Valve,307.0,31.0,1535.0,218.0,10.09771986970684,28.9,1142.0,,3.4,,28.104,False,False,False,-68.62511883912934,5485892.0,-68.62511883912934,63.001999999999995,4.87286117901019,-0.19477036221454774
E09000011,Greenwich,London,,903.0,89.0,2738.0,680.0,9.856035437430789,32.9,1063.0,,9.5,,24.464,False,False,False,4.333130182939534,-831857.0,4.333130182939534,223.72,4.036295369211515,-0.28558590146937635
E10000029,Suffolk,East of England,Delivering Better Value,2784.0,267.0,7860.0,1366.0,9.590517241379311,25.4,4494.0,,6.2,590.0,18.5,False,False,False,-121.58468249402205,54101293.0,-121.58468249402205,346.964,8.023887204436194,0.14729732015216107
E06000046,Isle of Wight,South East,Safety Valve,74.0,7.0,1662.0,7.0,9.45945945945946,28.6,1388.0,,4.5,510.0,23.294,False,False,False,-96.87536001880915,6592562.0,-96.87536001880915,2.0020000000000002,36.963036963036956,3.2888606737107353
E08000028,Sandwell,West Midlands,,940.0,86.0,3625.0,474.0,9.148936170212766,22.8,796.0,,5.2,270.0,34.884,False,False,False,22.346610102914603,-5689000.0,22.346610102914603,108.072,8.697905100303501,0.22046705523292565
E08000015,Wirral,North West,Delivering Better Value,1443.0,125.0,4427.0,716.0,8.662508662508662,12.6,1097.0,,9.4,,29.589,False,False,False,-63.00319654637175,12988739.0,-63.00319654637175,90.21600000000001,15.994945464219207,1.0126159188982176
E10000003,Cambridgeshire,East of England,Safety Valve,1869.0,158.0,7318.0,729.0,8.453718566078116,7.7,2931.0,,5.8,880.0,15.4,False,False,False,-96.53909491826376,40015841.0,-96.53909491826376,56.133,33.29592218481107,2.890767657963318
E08000031,Wolverhampton,West Midlands,,576.0,48.0,2847.0,395.0,8.333333333333332,52.2,2036.0,,1.3,290.0,32.102,False,False,False,14.760040122277417,-3090162.0,14.760040122277417,206.19,2.793539938891314,-0.42049639296263547
E06000039,Slough,South East,Safety Valve,469.0,34.0,1927.0,312.0,7.249466950959488,7.4,366.0,,16.7,,22.965,False,False,False,-62.28004973551058,8665397.0,-62.28004973551058,23.088,20.313582813582812,1.4814366322655075
E09000007,Camden,London,,246.0,16.0,1532.0,181.0,6.504065040650407,96.1,1047.0,,5.1,,20.131,False,False,False,187.75934422372356,-22344113.0,187.75934422372356,173.94099999999997,1.4142726556706011,-0.5702262774918344
E08000014,Sefton,North West,Delivering Better Value,951.0,60.0,3116.0,869.0,6.309148264984227,52.9,1642.0,,4.3,,27.035,False,False,False,-213.58020931882686,36120685.0,-213.58020931882686,459.70099999999996,2.068735982736605,-0.4991793385973176
E06000017,Rutland,East Midlands,Delivering Better Value,75.0,4.0,340.0,70.0,5.333333333333334,74.3,279.0,,2.9,,8.381,False,False,False,-93.949263502455,2984956.0,-93.949263502455,52.01,1.4420303787733129,-0.5672129669279402
E06000045,Southampton,South East,Delivering Better Value,569.0,28.0,2505.0,336.0,4.92091388400703,93.5,1076.0,,7.2,,26.876,False,False,False,-49.52128400981267,7105710.0,-49.52128400981267,314.16,1.81117901706137,-0.5271390931709151
E08000036,Wakefield,Yorkshire and The Humber,,844.0,39.0,3415.0,457.0,4.62085308056872,86.0,2446.0,,2.9,290.0,27.306,False,False,False,15.805416373526434,-3684369.0,15.805416373526434,393.02,2.14747341102234,-0.49063179586301886
E08000008,Tameside,North West,Delivering Better Value,1052.0,29.0,3022.0,876.0,2.7566539923954374,29.9,1800.0,,2.9,,31.374,False,False,False,-52.72066292612881,7930453.0,-52.72066292612881,261.924,4.016432247522182,-0.28774219340286467
E06000004,Stockton-on-Tees,North East,Delivering Better Value,559.0,13.0,2080.0,402.0,2.3255813953488373,69.2,1326.0,,3.5,,25.79,False,False,False,-27.798582847773254,3797620.0,-27.798582847773254,278.184,2.0094613637017225,-0.5056140463378513
E06000016,Leicester,East Midlands,,883.0,1.0,3824.0,575.0,0.1132502831257078,51.8,2295.0,,4.2,410.0,30.877,False,False,False,-38.18949493350222,9648194.0,-38.18949493350222,297.85,2.9645794863186166,-0.40192875781477966
E06000026,Plymouth,South West,,1176.0,1.0,2800.0,403.0,0.0850340136054421,6.0,,,,,26.619,False,False,False,-26.748704272128013,4252616.0,-26.748704272128013,24.18,48.635235732009924,4.555966038378849
E09000031,Waltham Forest,London,,796.0,0.0,3295.0,463.0,0.0,50.8,,,,,25.209,False,False,False,-5.266610898661568,925491.0,-5.266610898661568,235.20399999999998,3.3842961854390237,-0.3563653389917591
E06000042,Milton Keynes,South East,,846.0,0.0,2768.0,348.0,0.0,39.7,1719.0,,6.7,,17.98,False,False,False,32.29915213042422,-6910339.0,32.29915213042422,138.156,6.123512551029271,-0.059002706592765346
